400 2768 1 0        
7 Unknown 13 ACIS 4.0.2 NT 24 Sun Apr 18 18:05:18 2004 
-1 9.9999999999999995e-007 1e-010 
body $1 $2 $-1 $-1 #
ref_vt-eye-attrib $-1 $-1 $-1 $0 $3 $4 #
lump $5 $-1 $6 $0 #
eye_refinement $-1 5 grid  1 3 tri 2 4 surf 0 3 adj 0 4 grad 0 9 postcheck 0 4 stol 0.10431963950395584 4 ntol 30 4 dsil 0 8 flatness 0 7 pixarea 0 4 hmax 0 6 gridar 0 5 mgrid 300 5 ugrid 0 5 vgrid 0 10 end_fields #
vertex_template $-1 3 0 1 8 #
ref_vt-eye-attrib $-1 $-1 $-1 $2 $3 $4 #
shell $7 $-1 $-1 $8 $-1 $2 #
ref_vt-eye-attrib $-1 $-1 $-1 $6 $3 $4 #
face $9 $10 $11 $6 $-1 $12 forward single #
color-adesk-attrib $-1 $13 $-1 $8 256 #
face $14 $15 $16 $6 $-1 $17 reversed single #
loop $-1 $18 $19 $8 #
plane-surface $-1 0 0 4 0 0 1 1 0 0 forward_v I I I I #
fmesh-eye-attrib $-1 $20 $9 $8 #
color-adesk-attrib $-1 $21 $-1 $10 256 #
face $22 $23 $24 $6 $-1 $25 reversed single #
loop $-1 $-1 $26 $10 #
plane-surface $-1 0 0 0 0 0 1 1 0 0 forward_v I I I I #
loop $-1 $-1 $27 $8 #
coedge $-1 $28 $29 $30 $31 forward $11 $-1 #
ref_vt-eye-attrib $-1 $-1 $13 $8 $3 $4 #
fmesh-eye-attrib $-1 $32 $14 $10 #
color-adesk-attrib $-1 $33 $-1 $15 256 #
face $34 $35 $36 $6 $-1 $37 reversed single #
loop $-1 $-1 $38 $15 #
plane-surface $-1 0 -2.1589999999999998 2 0 1 0 0 0 1 forward_v I I I I #
coedge $-1 $39 $40 $41 $42 forward $16 $-1 #
coedge $-1 $43 $44 $45 $46 forward $18 $-1 #
coedge $-1 $47 $19 $48 $49 forward $11 $-1 #
coedge $-1 $19 $47 $50 $51 forward $11 $-1 #
coedge $-1 $52 $53 $19 $31 reversed $54 $-1 #
edge $55 $56 $57 $30 $58 forward #
ref_vt-eye-attrib $-1 $-1 $21 $10 $3 $4 #
fmesh-eye-attrib $-1 $59 $22 $15 #
color-adesk-attrib $-1 $60 $-1 $23 256 #
face $61 $62 $63 $6 $-1 $64 reversed single #
loop $-1 $-1 $65 $23 #
plane-surface $-1 -5.3339999999999996 0 2 1 0 0 0 0 -1 forward_v I I I I #
coedge $-1 $66 $50 $67 $68 forward $24 $-1 #
coedge $-1 $69 $26 $66 $70 forward $16 $-1 #
coedge $-1 $26 $69 $71 $72 forward $16 $-1 #
coedge $-1 $53 $52 $26 $42 reversed $54 $-1 #
edge $73 $74 $75 $41 $76 forward #
coedge $-1 $77 $27 $78 $79 forward $18 $-1 #
coedge $-1 $27 $77 $80 $81 forward $18 $-1 #
coedge $-1 $82 $83 $27 $46 reversed $84 $-1 #
edge $85 $86 $87 $45 $88 forward #
coedge $-1 $29 $28 $89 $90 forward $11 $-1 #
coedge $-1 $91 $92 $28 $49 reversed $63 $-1 #
edge $93 $57 $94 $48 $95 forward #
coedge $-1 $38 $96 $29 $51 reversed $24 $-1 #
edge $97 $98 $56 $50 $99 forward #
coedge $-1 $41 $30 $96 $100 forward $54 $-1 #
coedge $-1 $30 $41 $91 $101 reversed $54 $-1 #
loop $-1 $-1 $52 $62 #
color-adesk-attrib $-1 $102 $-1 $31 256 #
vertex $-1 $31 $103 #
vertex $-1 $31 $104 #
straight-curve $-1 5.3339999999999996 0 4 0 1 0 I I #
ref_vt-eye-attrib $-1 $-1 $33 $15 $3 $4 #
fmesh-eye-attrib $-1 $105 $34 $23 #
color-adesk-attrib $-1 $106 $-1 $35 256 #
face $107 $108 $54 $6 $-1 $109 reversed single #
loop $-1 $-1 $91 $35 #
plane-surface $-1 0 2.1589999999999998 2 0 -1 0 0 0 -1 forward_v I I I I #
coedge $-1 $110 $89 $92 $111 forward $36 $-1 #
coedge $-1 $96 $38 $39 $70 reversed $24 $-1 #
coedge $-1 $89 $110 $38 $68 reversed $36 $-1 #
edge $112 $98 $113 $67 $114 forward #
coedge $-1 $40 $39 $110 $115 forward $16 $-1 #
edge $116 $75 $113 $66 $117 forward #
coedge $-1 $92 $91 $40 $72 reversed $63 $-1 #
edge $118 $119 $74 $71 $120 forward #
color-adesk-attrib $-1 $121 $-1 $42 256 #
vertex $-1 $42 $122 #
vertex $-1 $100 $123 #
straight-curve $-1 5.3339999999999996 0 0 0 -1 0 I I #
coedge $-1 $44 $43 $124 $125 forward $18 $-1 #
coedge $-1 $126 $127 $43 $79 reversed $128 $-1 #
edge $129 $87 $130 $78 $131 forward #
coedge $-1 $132 $133 $44 $81 reversed $134 $-1 #
edge $135 $136 $86 $80 $137 forward #
coedge $-1 $138 $45 $133 $139 reversed $84 $-1 #
coedge $-1 $45 $138 $126 $140 forward $84 $-1 #
loop $-1 $-1 $83 $141 #
color-adesk-attrib $-1 $142 $-1 $46 256 #
vertex $-1 $46 $143 #
vertex $-1 $79 $144 #
straight-curve $-1 0 1.2474000000000001 4 1 0 0 I I #
coedge $-1 $65 $67 $47 $90 reversed $36 $-1 #
edge $145 $94 $98 $89 $146 forward #
coedge $-1 $71 $48 $53 $101 forward $63 $-1 #
coedge $-1 $48 $71 $65 $111 reversed $63 $-1 #
color-adesk-attrib $-1 $147 $-1 $49 256 #
vertex $-1 $49 $148 #
straight-curve $-1 0 2.1589999999999998 4 -1 0 0 I I #
coedge $-1 $50 $66 $52 $100 reversed $24 $-1 #
color-adesk-attrib $-1 $149 $-1 $51 256 #
vertex $-1 $90 $150 #
straight-curve $-1 0 -2.1589999999999998 4 1 0 0 I I #
edge $151 $56 $75 $52 $152 forward #
edge $153 $57 $74 $53 $154 forward #
ptlist-eye-attrib $-1 $-1 $55 $31 #
point $-1 5.3339999999999996 -2.1589999999999998 4 #
point $-1 5.3339999999999996 2.1589999999999998 4 #
ref_vt-eye-attrib $-1 $-1 $60 $23 $3 $4 #
fmesh-eye-attrib $-1 $155 $61 $35 #
color-adesk-attrib $-1 $156 $-1 $62 256 #
face $157 $141 $158 $6 $-1 $159 reversed single #
plane-surface $-1 5.3339999999999996 0 2 -1 0 0 0 0 1 forward_v I I I I #
coedge $-1 $67 $65 $69 $115 reversed $36 $-1 #
edge $160 $94 $119 $92 $161 forward #
color-adesk-attrib $-1 $162 $-1 $68 256 #
vertex $-1 $115 $163 #
straight-curve $-1 -5.3339999999999996 -2.1589999999999998 2 0 0 -1 I I #
edge $164 $113 $119 $110 $165 forward #
color-adesk-attrib $-1 $166 $-1 $70 256 #
straight-curve $-1 0 -2.1589999999999998 0 -1 0 0 I I #
color-adesk-attrib $-1 $167 $-1 $72 256 #
vertex $-1 $72 $168 #
straight-curve $-1 0 2.1589999999999998 0 1 0 0 I I #
ptlist-eye-attrib $-1 $-1 $73 $42 #
point $-1 5.3339999999999996 2.1589999999999998 0 #
point $-1 5.3339999999999996 -2.1589999999999998 0 #
coedge $-1 $169 $170 $77 $125 reversed $158 $-1 #
edge $171 $130 $136 $124 $172 forward #
coedge $-1 $173 $78 $83 $140 reversed $128 $-1 #
coedge $-1 $78 $174 $169 $175 forward $128 $-1 #
loop $-1 $-1 $176 $177 #
color-adesk-attrib $-1 $178 $-1 $79 256 #
vertex $-1 $175 $179 #
straight-curve $-1 4.6500000000000004 0 4 0 -1 0 I I #
coedge $-1 $180 $80 $170 $181 reversed $134 $-1 #
coedge $-1 $80 $182 $82 $139 forward $134 $-1 #
loop $-1 $-1 $183 $184 #
color-adesk-attrib $-1 $185 $-1 $81 256 #
vertex $-1 $81 $186 #
straight-curve $-1 -4.6500000000000004 0 4 0 1 0 I I #
coedge $-1 $83 $82 $187 $188 reversed $84 $-1 #
edge $189 $190 $86 $82 $191 forward #
edge $192 $193 $87 $126 $194 forward #
face $195 $196 $84 $6 $-1 $197 reversed single #
ptlist-eye-attrib $-1 $-1 $85 $46 #
point $-1 -4.6500000000000004 1.2474000000000001 4 #
point $-1 4.6500000000000004 1.2474000000000001 4 #
color-adesk-attrib $-1 $198 $-1 $90 256 #
straight-curve $-1 -5.3339999999999996 0 4 0 -1 0 I I #
ptlist-eye-attrib $-1 $-1 $93 $49 #
point $-1 -5.3339999999999996 2.1589999999999998 4 #
ptlist-eye-attrib $-1 $-1 $97 $51 #
point $-1 -5.3339999999999996 -2.1589999999999998 4 #
color-adesk-attrib $-1 $199 $-1 $100 256 #
straight-curve $-1 5.3339999999999996 -2.1589999999999998 2 0 0 -1 I I #
color-adesk-attrib $-1 $200 $-1 $101 256 #
straight-curve $-1 5.3339999999999996 2.1589999999999998 2 0 0 -1 I I #
ref_vt-eye-attrib $-1 $-1 $106 $35 $3 $4 #
fmesh-eye-attrib $-1 $201 $107 $62 #
color-adesk-attrib $-1 $202 $-1 $108 256 #
loop $-1 $-1 $170 $108 #
plane-surface $-1 0 -1.2474000000000001 4.5 0 1 0 0 0 1 forward_v I I I I #
color-adesk-attrib $-1 $203 $-1 $111 256 #
straight-curve $-1 -5.3339999999999996 2.1589999999999998 2 0 0 -1 I I #
ptlist-eye-attrib $-1 $-1 $112 $68 #
point $-1 -5.3339999999999996 -2.1589999999999998 0 #
color-adesk-attrib $-1 $204 $-1 $115 256 #
straight-curve $-1 -5.3339999999999996 0 0 0 1 0 I I #
ptlist-eye-attrib $-1 $-1 $116 $70 #
ptlist-eye-attrib $-1 $-1 $118 $72 #
point $-1 -5.3339999999999996 2.1589999999999998 0 #
coedge $-1 $205 $124 $127 $175 reversed $158 $-1 #
coedge $-1 $124 $205 $132 $181 forward $158 $-1 #
color-adesk-attrib $-1 $206 $-1 $125 256 #
straight-curve $-1 0 -1.2474000000000001 4 -1 0 0 I I #
coedge $-1 $207 $126 $208 $209 reversed $128 $-1 #
coedge $-1 $127 $210 $211 $212 reversed $128 $-1 #
edge $213 $214 $130 $127 $215 forward #
coedge $-1 $216 $217 $218 $219 forward $128 $-1 #
face $220 $221 $128 $6 $-1 $222 reversed single #
ptlist-eye-attrib $-1 $-1 $129 $79 #
point $-1 4.6500000000000004 -1.2474000000000001 4 #
coedge $-1 $223 $132 $224 $225 reversed $134 $-1 #
edge $226 $227 $136 $132 $228 forward #
coedge $-1 $133 $229 $230 $231 reversed $134 $-1 #
coedge $-1 $232 $233 $234 $235 forward $134 $-1 #
face $236 $237 $134 $6 $-1 $238 reversed single #
ptlist-eye-attrib $-1 $-1 $135 $81 #
point $-1 -4.6500000000000004 -1.2474000000000001 4 #
coedge $-1 $230 $208 $138 $188 forward $239 $-1 #
edge $240 $193 $190 $187 $241 forward #
color-adesk-attrib $-1 $242 $-1 $139 256 #
vertex $-1 $231 $243 #
straight-curve $-1 -4.6500000000000004 1.2474000000000001 4.5 0 0 -1 I I #
color-adesk-attrib $-1 $244 $-1 $140 256 #
vertex $-1 $209 $245 #
straight-curve $-1 4.6500000000000004 1.2474000000000001 4.5 0 0 -1 I I #
color-adesk-attrib $-1 $246 $-1 $141 256 #
face $247 $248 $249 $6 $-1 $250 reversed single #
plane-surface $-1 0 1.2474000000000001 4.5 0 -1 0 0 0 -1 forward_v I I I I #
ptlist-eye-attrib $-1 $-1 $145 $90 #
ptlist-eye-attrib $-1 $-1 $151 $100 #
ptlist-eye-attrib $-1 $-1 $153 $101 #
ref_vt-eye-attrib $-1 $-1 $156 $62 $3 $4 #
fmesh-eye-attrib $-1 $251 $157 $108 #
ptlist-eye-attrib $-1 $-1 $160 $111 #
ptlist-eye-attrib $-1 $-1 $164 $115 #
coedge $-1 $170 $169 $252 $253 reversed $158 $-1 #
ptlist-eye-attrib $-1 $-1 $171 $125 #
coedge $-1 $254 $173 $255 $256 reversed $128 $-1 #
coedge $-1 $187 $257 $173 $209 forward $239 $-1 #
edge $258 $259 $193 $173 $260 forward #
coedge $-1 $174 $261 $262 $263 forward $128 $-1 #
coedge $-1 $264 $252 $174 $212 forward $249 $-1 #
edge $265 $214 $266 $174 $260 forward #
color-adesk-attrib $-1 $267 $-1 $175 256 #
vertex $-1 $212 $268 #
straight-curve $-1 4.6500000000000004 -1.2474000000000001 4.5 0 0 -1 I I #
coedge $-1 $269 $176 $270 $271 reversed $128 $-1 #
coedge $-1 $176 $272 $273 $274 reversed $128 $-1 #
coedge $-1 $275 $276 $176 $219 reversed $277 $-1 #
edge $278 $279 $280 $176 $281 forward #
color-adesk-attrib $-1 $282 $-1 $177 256 #
face $283 $284 $285 $6 $-1 $286 forward single #
plane-surface $-1 4.6500000000000004 0 43 -1 0 0 0 0 1 forward_v I I I I #
coedge $-1 $287 $180 $288 $289 reversed $134 $-1 #
coedge $-1 $252 $264 $180 $225 forward $249 $-1 #
edge $290 $291 $227 $180 $292 forward #
color-adesk-attrib $-1 $293 $-1 $181 256 #
vertex $-1 $225 $294 #
straight-curve $-1 -4.6500000000000004 -1.2474000000000001 4.5 0 0 -1 I I #
coedge $-1 $182 $295 $296 $297 forward $134 $-1 #
coedge $-1 $257 $187 $182 $231 forward $239 $-1 #
edge $298 $190 $299 $182 $292 forward #
coedge $-1 $300 $183 $301 $302 reversed $134 $-1 #
coedge $-1 $183 $303 $304 $305 reversed $134 $-1 #
coedge $-1 $306 $307 $183 $235 reversed $308 $-1 #
edge $309 $310 $311 $234 $312 forward #
color-adesk-attrib $-1 $313 $-1 $184 256 #
face $314 $177 $308 $6 $-1 $315 reversed single #
plane-surface $-1 -4.6500000000000004 0 43 1 0 0 0 0 -1 forward_v I I I I #
loop $-1 $-1 $187 $316 #
color-adesk-attrib $-1 $317 $-1 $188 256 #
straight-curve $-1 0 1.2474000000000001 5 -1 0 0 I I #
ptlist-eye-attrib $-1 $-1 $189 $139 #
point $-1 -4.6500000000000004 1.2474000000000001 5 #
ptlist-eye-attrib $-1 $-1 $192 $140 #
point $-1 4.6500000000000004 1.2474000000000001 5 #
fmesh-eye-attrib $-1 $318 $195 $141 #
color-adesk-attrib $-1 $319 $-1 $196 256 #
face $320 $321 $322 $6 $-1 $323 forward single #
loop $-1 $-1 $252 $196 #
plane-surface $-1 0 0 5 0 0 1 1 0 0 forward_v I I I I #
ref_vt-eye-attrib $-1 $-1 $202 $108 $3 $4 #
coedge $-1 $211 $224 $205 $253 forward $249 $-1 #
edge $324 $227 $214 $252 $325 forward #
coedge $-1 $326 $207 $327 $328 reversed $128 $-1 #
coedge $-1 $329 $330 $207 $256 forward $331 $-1 #
edge $332 $333 $259 $207 $334 forward #
coedge $-1 $208 $230 $329 $335 forward $239 $-1 #
color-adesk-attrib $-1 $336 $-1 $209 256 #
vertex $-1 $209 $337 #
straight-curve $-1 4.6500000000000004 0 5 0 -1 0 I I #
coedge $-1 $210 $338 $339 $340 reversed $128 $-1 #
coedge $-1 $341 $342 $210 $263 reversed $343 $-1 #
edge $344 $345 $266 $210 $346 forward #
coedge $-1 $224 $211 $342 $347 forward $249 $-1 #
color-adesk-attrib $-1 $348 $-1 $212 256 #
vertex $-1 $263 $349 #
ptlist-eye-attrib $-1 $-1 $213 $175 #
point $-1 4.6500000000000004 -1.2474000000000001 5 #
coedge $-1 $350 $216 $351 $352 forward $128 $-1 #
coedge $-1 $353 $354 $216 $271 forward $355 $-1 #
edge $356 $357 $280 $216 $358 forward #
coedge $-1 $217 $359 $360 $361 reversed $128 $-1 #
coedge $-1 $362 $363 $217 $274 forward $364 $-1 #
edge $365 $279 $366 $273 $367 forward #
coedge $-1 $368 $218 $363 $369 reversed $277 $-1 #
coedge $-1 $218 $368 $353 $370 reversed $277 $-1 #
loop $-1 $-1 $368 $371 #
color-adesk-attrib $-1 $372 $-1 $219 256 #
vertex $-1 $369 $373 #
vertex $-1 $219 $374 #
straight-curve $-1 4.6500000000000004 -1.2474000000000001 43 0 0 -1 I I #
fmesh-eye-attrib $-1 $375 $220 $177 #
color-adesk-attrib $-1 $376 $-1 $221 256 #
face $377 $378 $364 $6 $-1 $379 reversed single #
loop $-1 $-1 $380 $221 #
plane-surface $-1 0 0 47.5 0 0 1 1 0 0 forward_v I I I I #
coedge $-1 $381 $223 $382 $383 reversed $134 $-1 #
coedge $-1 $342 $341 $223 $289 forward $343 $-1 #
edge $384 $385 $291 $223 $386 forward #
color-adesk-attrib $-1 $387 $-1 $225 256 #
vertex $-1 $225 $388 #
straight-curve $-1 -4.6500000000000004 0 5 0 1 0 I I #
ptlist-eye-attrib $-1 $-1 $226 $181 #
point $-1 -4.6500000000000004 -1.2474000000000001 5 #
coedge $-1 $229 $389 $390 $391 reversed $134 $-1 #
coedge $-1 $330 $329 $229 $297 reversed $331 $-1 #
edge $392 $393 $299 $296 $394 forward #
color-adesk-attrib $-1 $395 $-1 $231 256 #
vertex $-1 $335 $396 #
coedge $-1 $397 $232 $398 $399 forward $134 $-1 #
coedge $-1 $400 $401 $232 $302 forward $402 $-1 #
edge $403 $404 $311 $232 $405 forward #
coedge $-1 $233 $406 $368 $407 reversed $134 $-1 #
coedge $-1 $363 $362 $233 $305 forward $364 $-1 #
edge $408 $310 $409 $304 $410 forward #
coedge $-1 $360 $234 $362 $411 reversed $308 $-1 #
coedge $-1 $234 $360 $400 $412 reversed $308 $-1 #
loop $-1 $-1 $360 $237 #
color-adesk-attrib $-1 $413 $-1 $235 256 #
vertex $-1 $305 $414 #
vertex $-1 $412 $415 #
straight-curve $-1 -4.6500000000000004 1.2474000000000001 43 0 0 -1 I I #
fmesh-eye-attrib $-1 $416 $236 $184 #
color-adesk-attrib $-1 $417 $-1 $237 256 #
plane-surface $-1 0 1.2474000000000001 43 0 -1 0 0 0 -1 forward_v I I I I #
face $418 $419 $239 $6 $-1 $250 reversed single #
ptlist-eye-attrib $-1 $-1 $240 $188 #
ref_vt-eye-attrib $-1 $-1 $246 $141 $3 $4 #
fmesh-eye-attrib $-1 $420 $247 $196 #
color-adesk-attrib $-1 $421 $-1 $248 256 #
face $422 $316 $423 $6 $-1 $323 forward single #
loop $-1 $-1 $424 $248 #
plane-surface $-1 0 0 7.5 0 0 1 1 0 0 forward_v I I I I #
color-adesk-attrib $-1 $425 $-1 $253 256 #
straight-curve $-1 0 -1.2474000000000001 5 1 0 0 I I #
coedge $-1 $426 $254 $427 $428 reversed $128 $-1 #
coedge $-1 $429 $424 $254 $328 forward $322 $-1 #
edge $430 $431 $333 $254 $432 forward #
coedge $-1 $296 $255 $257 $335 reversed $331 $-1 #
coedge $-1 $255 $296 $429 $433 reversed $331 $-1 #
loop $-1 $-1 $255 $434 #
color-adesk-attrib $-1 $435 $-1 $256 256 #
vertex $-1 $328 $436 #
straight-curve $-1 4.6500000000000004 2.4723999999999999 6.25 0 0 -1 I I #
edge $437 $299 $259 $329 $438 forward #
ptlist-eye-attrib $-1 $-1 $258 $209 #
point $-1 4.6500000000000004 2.4723999999999999 5 #
coedge $-1 $261 $439 $440 $441 forward $128 $-1 #
coedge $-1 $442 $443 $261 $340 forward $423 $-1 #
edge $444 $345 $445 $261 $432 forward #
coedge $-1 $288 $262 $443 $446 reversed $343 $-1 #
coedge $-1 $262 $288 $264 $347 reversed $343 $-1 #
loop $-1 $-1 $288 $419 #
color-adesk-attrib $-1 $447 $-1 $263 256 #
vertex $-1 $340 $448 #
straight-curve $-1 4.6500000000000004 -2.4723999999999999 6.25 0 0 -1 I I #
edge $449 $266 $291 $342 $450 forward #
ptlist-eye-attrib $-1 $-1 $265 $212 #
point $-1 4.6500000000000004 -2.4723999999999999 5 #
coedge $-1 $451 $269 $452 $453 reversed $128 $-1 #
coedge $-1 $454 $455 $269 $352 reversed $456 $-1 #
edge $457 $357 $458 $269 $459 forward #
coedge $-1 $460 $270 $276 $370 forward $355 $-1 #
coedge $-1 $270 $460 $454 $461 forward $355 $-1 #
loop $-1 $-1 $353 $462 #
color-adesk-attrib $-1 $463 $-1 $271 256 #
vertex $-1 $271 $464 #
straight-curve $-1 4.6500000000000004 0 42.5 0 1 0 I I #
coedge $-1 $272 $465 $466 $467 reversed $128 $-1 #
coedge $-1 $307 $306 $272 $361 forward $308 $-1 #
edge $468 $366 $469 $272 $470 forward #
coedge $-1 $304 $273 $306 $411 forward $364 $-1 #
coedge $-1 $273 $304 $275 $369 forward $364 $-1 #
loop $-1 $471 $363 $284 #
color-adesk-attrib $-1 $472 $-1 $274 256 #
vertex $-1 $411 $473 #
straight-curve $-1 4.6500000000000004 0 43.5 0 1 0 I I #
coedge $-1 $276 $275 $303 $407 forward $277 $-1 #
edge $474 $409 $279 $363 $475 forward #
edge $476 $280 $477 $276 $478 forward #
face $479 $184 $277 $6 $-1 $480 reversed single #
ptlist-eye-attrib $-1 $-1 $278 $219 #
point $-1 4.6500000000000004 -1.2474000000000001 43.5 #
point $-1 4.6500000000000004 -1.2474000000000001 42.5 #
ref_vt-eye-attrib $-1 $-1 $282 $177 $3 $4 #
fmesh-eye-attrib $-1 $481 $283 $221 #
color-adesk-attrib $-1 $482 $-1 $284 256 #
face $483 $484 $485 $6 $-1 $486 reversed single #
plane-surface $-1 0 0 43.5 0 0 1 1 0 0 forward_v I I I I #
coedge $-1 $487 $488 $489 $490 forward $285 $-1 #
coedge $-1 $491 $287 $492 $493 reversed $134 $-1 #
coedge $-1 $443 $442 $287 $383 forward $423 $-1 #
edge $494 $495 $385 $287 $496 forward #
color-adesk-attrib $-1 $497 $-1 $289 256 #
vertex $-1 $383 $498 #
straight-curve $-1 -4.6500000000000004 -2.4723999999999999 6.25 0 0 -1 I I #
ptlist-eye-attrib $-1 $-1 $290 $225 #
point $-1 -4.6500000000000004 -2.4723999999999999 5 #
coedge $-1 $295 $499 $500 $501 forward $134 $-1 #
coedge $-1 $424 $429 $295 $391 forward $322 $-1 #
edge $502 $393 $503 $295 $496 forward #
color-adesk-attrib $-1 $504 $-1 $297 256 #
vertex $-1 $433 $505 #
straight-curve $-1 -4.6500000000000004 2.4723999999999999 6.25 0 0 -1 I I #
ptlist-eye-attrib $-1 $-1 $298 $231 #
point $-1 -4.6500000000000004 2.4723999999999999 5 #
coedge $-1 $506 $300 $507 $508 reversed $134 $-1 #
coedge $-1 $509 $510 $300 $399 reversed $511 $-1 #
edge $512 $404 $513 $398 $514 forward #
coedge $-1 $466 $301 $307 $412 forward $402 $-1 #
coedge $-1 $301 $466 $509 $515 forward $402 $-1 #
loop $-1 $-1 $400 $516 #
color-adesk-attrib $-1 $517 $-1 $302 256 #
vertex $-1 $515 $518 #
straight-curve $-1 -4.6500000000000004 0 42.5 0 -1 0 I I #
coedge $-1 $303 $519 $460 $520 reversed $134 $-1 #
edge $521 $409 $477 $303 $522 forward #
color-adesk-attrib $-1 $523 $-1 $305 256 #
vertex $-1 $369 $524 #
straight-curve $-1 -4.6500000000000004 0 43.5 0 -1 0 I I #
edge $525 $366 $310 $362 $526 forward #
edge $527 $311 $469 $307 $528 forward #
ptlist-eye-attrib $-1 $-1 $309 $235 #
point $-1 -4.6500000000000004 1.2474000000000001 43.5 #
point $-1 -4.6500000000000004 1.2474000000000001 42.5 #
ref_vt-eye-attrib $-1 $-1 $313 $184 $3 $4 #
fmesh-eye-attrib $-1 $529 $314 $237 #
color-adesk-attrib $-1 $530 $-1 $316 256 #
face $531 $434 $343 $6 $-1 $532 reversed single #
ref_vt-eye-attrib $-1 $-1 $319 $196 $3 $4 #
fmesh-eye-attrib $-1 $533 $320 $248 #
color-adesk-attrib $-1 $534 $-1 $321 256 #
loop $-1 $-1 $442 $321 #
coedge $-1 $327 $390 $535 $536 forward $322 $-1 #
ptlist-eye-attrib $-1 $-1 $324 $253 #
coedge $-1 $537 $326 $538 $539 reversed $128 $-1 #
coedge $-1 $535 $540 $326 $428 forward $541 $-1 #
edge $542 $543 $431 $326 $544 forward #
coedge $-1 $390 $327 $330 $433 forward $322 $-1 #
color-adesk-attrib $-1 $545 $-1 $328 256 #
vertex $-1 $428 $546 #
straight-curve $-1 4.6500000000000004 0 7.5 0 1 0 I I #
edge $547 $333 $393 $330 $548 forward #
face $549 $550 $331 $6 $-1 $551 reversed single #
ptlist-eye-attrib $-1 $-1 $332 $256 #
point $-1 4.6500000000000004 2.4723999999999999 7.5 #
color-adesk-attrib $-1 $552 $-1 $335 256 #
straight-curve $-1 0 2.4723999999999999 5 1 0 0 I I #
coedge $-1 $338 $553 $554 $555 reversed $128 $-1 #
coedge $-1 $556 $557 $338 $441 reversed $558 $-1 #
edge $559 $560 $445 $338 $561 forward #
coedge $-1 $382 $339 $557 $562 forward $423 $-1 #
coedge $-1 $339 $382 $341 $446 forward $423 $-1 #
color-adesk-attrib $-1 $563 $-1 $340 256 #
vertex $-1 $441 $564 #
edge $565 $385 $345 $341 $566 forward #
ptlist-eye-attrib $-1 $-1 $344 $263 #
point $-1 4.6500000000000004 -2.4723999999999999 7.5 #
color-adesk-attrib $-1 $567 $-1 $347 256 #
straight-curve $-1 0 -2.4723999999999999 5 -1 0 0 I I #
coedge $-1 $568 $350 $569 $570 forward $128 $-1 #
coedge $-1 $571 $572 $350 $453 forward $573 $-1 #
edge $574 $575 $458 $350 $576 forward #
coedge $-1 $577 $351 $354 $461 reversed $456 $-1 #
coedge $-1 $351 $577 $571 $578 reversed $456 $-1 #
loop $-1 $-1 $577 $579 #
color-adesk-attrib $-1 $580 $-1 $352 256 #
vertex $-1 $352 $581 #
straight-curve $-1 4.6500000000000004 -2.4723999999999999 41.25 0 0 -1 I I #
coedge $-1 $354 $353 $406 $520 forward $355 $-1 #
edge $582 $583 $357 $454 $584 forward #
face $585 $516 $355 $6 $-1 $586 forward single #
ptlist-eye-attrib $-1 $-1 $356 $271 #
point $-1 4.6500000000000004 -2.4723999999999999 42.5 #
coedge $-1 $359 $587 $588 $589 reversed $128 $-1 #
coedge $-1 $401 $400 $359 $467 forward $402 $-1 #
edge $590 $469 $591 $359 $358 forward #
color-adesk-attrib $-1 $592 $-1 $361 256 #
vertex $-1 $361 $593 #
straight-curve $-1 4.6500000000000004 1.2474000000000001 43 0 0 -1 I I #
loop $-1 $-1 $594 $284 #
ptlist-eye-attrib $-1 $-1 $365 $274 #
point $-1 4.6500000000000004 1.2474000000000001 43.5 #
color-adesk-attrib $-1 $595 $-1 $369 256 #
straight-curve $-1 0 -1.2474000000000001 43.5 1 0 0 I I #
color-adesk-attrib $-1 $596 $-1 $370 256 #
vertex $-1 $407 $597 #
straight-curve $-1 0 -1.2474000000000001 42.5 -1 0 0 I I #
color-adesk-attrib $-1 $598 $-1 $371 256 #
plane-surface $-1 0 -1.2474000000000001 43 0 1 0 0 0 1 forward_v I I I I #
ref_vt-eye-attrib $-1 $-1 $376 $221 $3 $4 #
fmesh-eye-attrib $-1 $599 $377 $284 #
color-adesk-attrib $-1 $600 $-1 $378 256 #
face $601 $602 $603 $6 $-1 $604 reversed single #
loop $-1 $-1 $605 $378 #
plane-surface $-1 0 -2.1589999999999998 45.5 0 1 0 0 0 1 forward_v I I I I #
coedge $-1 $606 $380 $607 $608 forward $285 $-1 #
coedge $-1 $380 $606 $609 $610 forward $285 $-1 #
coedge $-1 $611 $612 $380 $490 reversed $613 $-1 #
edge $614 $615 $616 $489 $617 forward #
coedge $-1 $618 $381 $619 $620 reversed $134 $-1 #
coedge $-1 $557 $556 $381 $493 forward $558 $-1 #
edge $621 $622 $495 $381 $623 forward #
color-adesk-attrib $-1 $624 $-1 $383 256 #
vertex $-1 $493 $625 #
straight-curve $-1 -4.6500000000000004 0 7.5 0 -1 0 I I #
ptlist-eye-attrib $-1 $-1 $384 $289 #
point $-1 -4.6500000000000004 -2.4723999999999999 7.5 #
coedge $-1 $389 $626 $627 $628 reversed $134 $-1 #
coedge $-1 $540 $535 $389 $501 reversed $541 $-1 #
edge $629 $630 $503 $500 $631 forward #
color-adesk-attrib $-1 $632 $-1 $391 256 #
vertex $-1 $536 $633 #
ptlist-eye-attrib $-1 $-1 $392 $297 #
point $-1 -4.6500000000000004 2.4723999999999999 7.5 #
coedge $-1 $634 $397 $635 $636 forward $134 $-1 #
coedge $-1 $637 $638 $397 $508 forward $639 $-1 #
edge $640 $641 $513 $397 $642 forward #
coedge $-1 $588 $398 $401 $515 reversed $511 $-1 #
coedge $-1 $398 $588 $637 $643 reversed $511 $-1 #
loop $-1 $-1 $588 $644 #
color-adesk-attrib $-1 $645 $-1 $399 256 #
vertex $-1 $643 $646 #
straight-curve $-1 -4.6500000000000004 2.4723999999999999 41.25 0 0 -1 I I #
edge $647 $591 $404 $509 $648 forward #
face $649 $650 $402 $6 $-1 $586 forward single #
ptlist-eye-attrib $-1 $-1 $403 $302 #
point $-1 -4.6500000000000004 2.4723999999999999 42.5 #
coedge $-1 $406 $651 $577 $652 reversed $134 $-1 #
edge $653 $477 $583 $406 $405 forward #
color-adesk-attrib $-1 $654 $-1 $407 256 #
straight-curve $-1 -4.6500000000000004 -1.2474000000000001 43 0 0 -1 I I #
ptlist-eye-attrib $-1 $-1 $408 $305 #
point $-1 -4.6500000000000004 -1.2474000000000001 43.5 #
color-adesk-attrib $-1 $655 $-1 $411 256 #
straight-curve $-1 0 1.2474000000000001 43.5 -1 0 0 I I #
color-adesk-attrib $-1 $656 $-1 $412 256 #
straight-curve $-1 0 1.2474000000000001 42.5 1 0 0 I I #
ref_vt-eye-attrib $-1 $-1 $417 $237 $3 $4 #
fmesh-eye-attrib $-1 $657 $418 $316 #
color-adesk-attrib $-1 $658 $-1 $419 256 #
plane-surface $-1 0 -2.4723999999999999 6.25 0 1 0 0 0 1 forward_v I I I I #
ref_vt-eye-attrib $-1 $-1 $421 $248 $3 $4 #
fmesh-eye-attrib $-1 $659 $422 $321 #
coedge $-1 $500 $427 $424 $536 reversed $541 $-1 #
edge $660 $503 $431 $535 $661 forward #
coedge $-1 $662 $426 $663 $664 reversed $128 $-1 #
coedge $-1 $665 $666 $426 $539 forward $667 $-1 #
edge $668 $669 $543 $426 $670 forward #
coedge $-1 $427 $500 $665 $671 reversed $541 $-1 #
loop $-1 $-1 $427 $672 #
color-adesk-attrib $-1 $673 $-1 $428 256 #
vertex $-1 $539 $674 #
straight-curve $-1 4.6500000000000004 1 8 0 0 -1 I I #
ptlist-eye-attrib $-1 $-1 $430 $328 #
point $-1 4.6500000000000004 1 7.5 #
color-adesk-attrib $-1 $675 $-1 $433 256 #
straight-curve $-1 0 2.4723999999999999 7.5 -1 0 0 I I #
color-adesk-attrib $-1 $676 $-1 $434 256 #
face $677 $672 $558 $6 $-1 $678 reversed single #
plane-surface $-1 0 2.4723999999999999 6.25 0 -1 0 0 0 -1 forward_v I I I I #
ptlist-eye-attrib $-1 $-1 $437 $335 #
coedge $-1 $439 $679 $680 $681 forward $128 $-1 #
coedge $-1 $682 $683 $439 $555 forward $684 $-1 #
edge $685 $560 $686 $439 $670 forward #
coedge $-1 $492 $440 $683 $687 reversed $558 $-1 #
coedge $-1 $440 $492 $442 $562 reversed $558 $-1 #
loop $-1 $-1 $492 $550 #
color-adesk-attrib $-1 $688 $-1 $441 256 #
vertex $-1 $555 $689 #
straight-curve $-1 4.6500000000000004 -1 8 0 0 -1 I I #
edge $690 $445 $495 $557 $691 forward #
ptlist-eye-attrib $-1 $-1 $444 $340 #
point $-1 4.6500000000000004 -1 7.5 #
color-adesk-attrib $-1 $692 $-1 $446 256 #
straight-curve $-1 0 -2.4723999999999999 7.5 1 0 0 I I #
ptlist-eye-attrib $-1 $-1 $449 $347 #
coedge $-1 $693 $451 $694 $695 reversed $128 $-1 #
coedge $-1 $696 $697 $451 $570 reversed $698 $-1 #
edge $699 $575 $700 $451 $701 forward #
coedge $-1 $702 $452 $455 $578 forward $573 $-1 #
coedge $-1 $452 $702 $696 $703 forward $573 $-1 #
loop $-1 $-1 $572 $704 #
color-adesk-attrib $-1 $705 $-1 $453 256 #
vertex $-1 $453 $706 #
straight-curve $-1 4.6500000000000004 0 40 0 -1 0 I I #
coedge $-1 $455 $454 $519 $652 forward $456 $-1 #
edge $707 $458 $708 $455 $709 forward #
face $710 $644 $456 $6 $-1 $711 reversed single #
ptlist-eye-attrib $-1 $-1 $457 $352 #
point $-1 4.6500000000000004 -2.4723999999999999 40 #
color-adesk-attrib $-1 $712 $-1 $461 256 #
vertex $-1 $520 $713 #
straight-curve $-1 0 -2.4723999999999999 42.5 1 0 0 I I #
color-adesk-attrib $-1 $714 $-1 $462 256 #
plane-surface $-1 0 0 42.5 0 0 1 1 0 0 forward_v I I I I #
coedge $-1 $465 $715 $716 $717 reversed $128 $-1 #
coedge $-1 $510 $509 $465 $589 forward $511 $-1 #
edge $718 $591 $719 $465 $720 forward #
color-adesk-attrib $-1 $721 $-1 $467 256 #
vertex $-1 $467 $722 #
ptlist-eye-attrib $-1 $-1 $468 $361 #
point $-1 4.6500000000000004 1.2474000000000001 42.5 #
coedge $-1 $723 $724 $725 $726 forward $471 $-1 #
ptlist-eye-attrib $-1 $-1 $474 $369 #
ptlist-eye-attrib $-1 $-1 $476 $370 #
point $-1 -4.6500000000000004 -1.2474000000000001 42.5 #
fmesh-eye-attrib $-1 $727 $479 $371 #
ref_vt-eye-attrib $-1 $-1 $482 $284 $3 $4 #
fmesh-eye-attrib $-1 $728 $483 $378 #
color-adesk-attrib $-1 $729 $-1 $484 256 #
face $730 $731 $732 $6 $-1 $733 reversed single #
loop $-1 $-1 $734 $484 #
plane-surface $-1 -5.3339999999999996 0 45.5 1 0 0 0 0 -1 forward_v I I I I #
coedge $-1 $735 $609 $736 $737 forward $485 $-1 #
coedge $-1 $488 $487 $738 $739 forward $285 $-1 #
coedge $-1 $740 $741 $487 $608 reversed $732 $-1 #
edge $742 $616 $743 $607 $744 forward #
coedge $-1 $605 $745 $488 $610 reversed $485 $-1 #
edge $746 $747 $615 $609 $748 forward #
coedge $-1 $725 $489 $745 $749 forward $613 $-1 #
coedge $-1 $489 $725 $740 $750 reversed $613 $-1 #
loop $-1 $-1 $611 $731 #
color-adesk-attrib $-1 $751 $-1 $490 256 #
vertex $-1 $490 $752 #
vertex $-1 $490 $753 #
straight-curve $-1 5.3339999999999996 0 47.5 0 1 0 I I #
coedge $-1 $754 $491 $755 $756 reversed $134 $-1 #
coedge $-1 $683 $682 $491 $620 forward $684 $-1 #
edge $757 $758 $622 $491 $759 forward #
color-adesk-attrib $-1 $760 $-1 $493 256 #
vertex $-1 $620 $761 #
straight-curve $-1 -4.6500000000000004 -1 8 0 0 -1 I I #
ptlist-eye-attrib $-1 $-1 $494 $383 #
point $-1 -4.6500000000000004 -1 7.5 #
coedge $-1 $499 $762 $763 $764 forward $134 $-1 #
coedge $-1 $666 $665 $499 $628 forward $667 $-1 #
edge $765 $630 $766 $499 $759 forward #
color-adesk-attrib $-1 $767 $-1 $501 256 #
vertex $-1 $628 $768 #
straight-curve $-1 -4.6500000000000004 1 8 0 0 -1 I I #
ptlist-eye-attrib $-1 $-1 $502 $391 #
point $-1 -4.6500000000000004 1 7.5 #
coedge $-1 $769 $506 $770 $771 reversed $134 $-1 #
coedge $-1 $772 $773 $506 $636 reversed $774 $-1 #
edge $775 $641 $776 $635 $777 forward #
coedge $-1 $716 $507 $510 $643 forward $639 $-1 #
coedge $-1 $507 $716 $772 $778 forward $639 $-1 #
loop $-1 $-1 $638 $650 #
color-adesk-attrib $-1 $779 $-1 $508 256 #
vertex $-1 $508 $780 #
straight-curve $-1 -4.6500000000000004 0 40 0 1 0 I I #
edge $781 $513 $719 $510 $782 forward #
face $783 $371 $511 $6 $-1 $784 reversed single #
ptlist-eye-attrib $-1 $-1 $512 $399 #
point $-1 -4.6500000000000004 2.4723999999999999 40 #
color-adesk-attrib $-1 $785 $-1 $515 256 #
straight-curve $-1 0 2.4723999999999999 42.5 -1 0 0 I I #
color-adesk-attrib $-1 $786 $-1 $516 256 #
face $787 $579 $639 $6 $-1 $788 reversed single #
coedge $-1 $519 $789 $702 $790 reversed $134 $-1 #
edge $791 $583 $708 $519 $792 forward #
color-adesk-attrib $-1 $793 $-1 $520 256 #
ptlist-eye-attrib $-1 $-1 $521 $407 #
ptlist-eye-attrib $-1 $-1 $525 $411 #
ptlist-eye-attrib $-1 $-1 $527 $412 #
ref_vt-eye-attrib $-1 $-1 $530 $316 $3 $4 #
fmesh-eye-attrib $-1 $794 $531 $419 #
ref_vt-eye-attrib $-1 $-1 $534 $321 $3 $4 #
color-adesk-attrib $-1 $795 $-1 $536 256 #
straight-curve $-1 0 1 7.5 1 0 0 I I #
coedge $-1 $796 $537 $797 $798 reversed $128 $-1 #
coedge $-1 $799 $800 $537 $664 forward $801 $-1 #
edge $802 $803 $669 $537 $804 forward #
coedge $-1 $627 $538 $540 $671 forward $667 $-1 #
coedge $-1 $538 $627 $799 $805 forward $667 $-1 #
loop $-1 $-1 $665 $806 #
color-adesk-attrib $-1 $807 $-1 $539 256 #
vertex $-1 $539 $808 #
straight-curve $-1 4.6500000000000004 0 8.5 0 -1 0 I I #
edge $809 $543 $630 $665 $810 forward #
face $811 $812 $541 $6 $-1 $813 reversed single #
ptlist-eye-attrib $-1 $-1 $542 $428 #
point $-1 4.6500000000000004 1 8.5 #
ptlist-eye-attrib $-1 $-1 $547 $433 #
fmesh-eye-attrib $-1 $814 $549 $434 #
color-adesk-attrib $-1 $815 $-1 $550 256 #
plane-surface $-1 0 -1 8 0 1 0 0 0 1 forward_v I I I I #
coedge $-1 $553 $816 $817 $818 reversed $128 $-1 #
coedge $-1 $819 $820 $553 $681 reversed $821 $-1 #
edge $822 $823 $686 $553 $824 forward #
coedge $-1 $619 $554 $820 $825 forward $684 $-1 #
coedge $-1 $554 $619 $556 $687 forward $684 $-1 #
loop $-1 $-1 $683 $812 #
color-adesk-attrib $-1 $826 $-1 $555 256 #
vertex $-1 $681 $827 #
edge $828 $622 $560 $683 $829 forward #
ptlist-eye-attrib $-1 $-1 $559 $441 #
point $-1 4.6500000000000004 -1 8.5 #
color-adesk-attrib $-1 $830 $-1 $562 256 #
straight-curve $-1 0 -1 7.5 -1 0 0 I I #
ptlist-eye-attrib $-1 $-1 $565 $446 #
coedge $-1 $831 $568 $832 $833 forward $128 $-1 #
coedge $-1 $834 $835 $568 $695 forward $836 $-1 #
edge $837 $838 $700 $568 $839 forward #
coedge $-1 $840 $569 $572 $703 reversed $698 $-1 #
coedge $-1 $569 $840 $834 $841 reversed $698 $-1 #
loop $-1 $-1 $840 $842 #
color-adesk-attrib $-1 $843 $-1 $570 256 #
vertex $-1 $570 $844 #
straight-curve $-1 4.6500000000000004 -1 39.5 0 0 -1 I I #
coedge $-1 $572 $571 $651 $790 forward $573 $-1 #
edge $845 $846 $575 $572 $847 forward #
face $848 $462 $573 $6 $-1 $788 reversed single #
ptlist-eye-attrib $-1 $-1 $574 $453 #
point $-1 4.6500000000000004 -1 40 #
color-adesk-attrib $-1 $849 $-1 $578 256 #
vertex $-1 $790 $850 #
straight-curve $-1 0 -2.4723999999999999 40 -1 0 0 I I #
color-adesk-attrib $-1 $851 $-1 $579 256 #
plane-surface $-1 0 -2.4723999999999999 41.25 0 1 0 0 0 1 forward_v I I I I #
ptlist-eye-attrib $-1 $-1 $582 $461 #
point $-1 -4.6500000000000004 -2.4723999999999999 42.5 #
fmesh-eye-attrib $-1 $852 $585 $462 #
coedge $-1 $587 $853 $854 $855 reversed $128 $-1 #
coedge $-1 $638 $637 $587 $717 forward $639 $-1 #
edge $856 $719 $857 $587 $576 forward #
color-adesk-attrib $-1 $858 $-1 $589 256 #
vertex $-1 $717 $859 #
straight-curve $-1 4.6500000000000004 2.4723999999999999 41.25 0 0 -1 I I #
ptlist-eye-attrib $-1 $-1 $590 $467 #
point $-1 4.6500000000000004 2.4723999999999999 42.5 #
coedge $-1 $860 $594 $735 $861 forward $471 $-1 #
coedge $-1 $594 $860 $862 $863 forward $471 $-1 #
coedge $-1 $612 $611 $594 $726 reversed $613 $-1 #
edge $864 $865 $866 $725 $867 forward #
ref_vt-eye-attrib $-1 $-1 $598 $371 $3 $4 #
ref_vt-eye-attrib $-1 $-1 $600 $378 $3 $4 #
fmesh-eye-attrib $-1 $868 $601 $484 #
color-adesk-attrib $-1 $869 $-1 $602 256 #
face $870 $-1 $613 $6 $-1 $871 reversed single #
loop $-1 $-1 $740 $602 #
plane-surface $-1 0 2.1589999999999998 45.5 0 -1 0 0 0 -1 forward_v I I I I #
coedge $-1 $872 $738 $741 $873 forward $603 $-1 #
coedge $-1 $745 $605 $723 $861 reversed $485 $-1 #
coedge $-1 $738 $872 $605 $737 reversed $603 $-1 #
edge $874 $747 $875 $736 $876 forward #
coedge $-1 $734 $736 $606 $739 reversed $603 $-1 #
edge $877 $743 $747 $738 $878 forward #
coedge $-1 $862 $607 $612 $750 forward $732 $-1 #
coedge $-1 $607 $862 $734 $873 reversed $732 $-1 #
color-adesk-attrib $-1 $879 $-1 $608 256 #
vertex $-1 $608 $880 #
straight-curve $-1 0 2.1589999999999998 47.5 -1 0 0 I I #
coedge $-1 $609 $735 $611 $749 reversed $485 $-1 #
color-adesk-attrib $-1 $881 $-1 $610 256 #
vertex $-1 $739 $882 #
straight-curve $-1 0 -2.1589999999999998 47.5 1 0 0 I I #
edge $883 $615 $866 $611 $884 forward #
edge $885 $616 $865 $612 $886 forward #
ptlist-eye-attrib $-1 $-1 $614 $490 #
point $-1 5.3339999999999996 -2.1589999999999998 47.5 #
point $-1 5.3339999999999996 2.1589999999999998 47.5 #
coedge $-1 $887 $618 $888 $889 reversed $134 $-1 #
coedge $-1 $820 $819 $618 $756 forward $821 $-1 #
edge $890 $891 $758 $618 $892 forward #
color-adesk-attrib $-1 $893 $-1 $620 256 #
vertex $-1 $620 $894 #
straight-curve $-1 -4.6500000000000004 0 8.5 0 1 0 I I #
ptlist-eye-attrib $-1 $-1 $621 $493 #
point $-1 -4.6500000000000004 -1 8.5 #
coedge $-1 $626 $895 $896 $897 reversed $134 $-1 #
coedge $-1 $800 $799 $626 $764 reversed $801 $-1 #
edge $898 $899 $766 $763 $900 forward #
color-adesk-attrib $-1 $901 $-1 $628 256 #
vertex $-1 $805 $902 #
ptlist-eye-attrib $-1 $-1 $629 $501 #
point $-1 -4.6500000000000004 1 8.5 #
coedge $-1 $903 $634 $904 $905 forward $134 $-1 #
coedge $-1 $906 $907 $634 $771 forward $908 $-1 #
edge $909 $910 $776 $634 $911 forward #
coedge $-1 $854 $635 $638 $778 reversed $774 $-1 #
coedge $-1 $635 $854 $906 $912 reversed $774 $-1 #
loop $-1 $-1 $854 $913 #
color-adesk-attrib $-1 $914 $-1 $636 256 #
vertex $-1 $912 $915 #
straight-curve $-1 -4.6500000000000004 1 39.5 0 0 -1 I I #
edge $916 $857 $641 $638 $917 forward #
ptlist-eye-attrib $-1 $-1 $640 $508 #
point $-1 -4.6500000000000004 1 40 #
color-adesk-attrib $-1 $918 $-1 $643 256 #
straight-curve $-1 0 2.4723999999999999 40 1 0 0 I I #
color-adesk-attrib $-1 $919 $-1 $644 256 #
plane-surface $-1 0 2.4723999999999999 41.25 0 -1 0 0 0 -1 forward_v I I I I #
ptlist-eye-attrib $-1 $-1 $647 $515 #
fmesh-eye-attrib $-1 $920 $649 $516 #
color-adesk-attrib $-1 $921 $-1 $650 256 #
plane-surface $-1 0 0 40 0 0 1 1 0 0 forward_v I I I I #
coedge $-1 $651 $922 $840 $923 reversed $134 $-1 #
edge $924 $708 $846 $651 $642 forward #
color-adesk-attrib $-1 $925 $-1 $652 256 #
straight-curve $-1 -4.6500000000000004 -2.4723999999999999 41.25 0 0 -1 I I #
ptlist-eye-attrib $-1 $-1 $653 $520 #
ref_vt-eye-attrib $-1 $-1 $658 $419 $3 $4 #
ptlist-eye-attrib $-1 $-1 $660 $536 #
coedge $-1 $926 $662 $927 $928 reversed $128 $-1 #
coedge $-1 $929 $930 $662 $798 forward $931 $-1 #
edge $932 $933 $803 $662 $934 forward #
coedge $-1 $763 $663 $666 $805 reversed $801 $-1 #
coedge $-1 $663 $763 $929 $935 reversed $801 $-1 #
loop $-1 $-1 $663 $936 #
color-adesk-attrib $-1 $937 $-1 $664 256 #
vertex $-1 $798 $938 #
straight-curve $-1 4.6500000000000004 2.7252999999999998 9.75 0 0 -1 I I #
edge $939 $766 $669 $799 $940 forward #
face $941 $942 $667 $6 $-1 $943 reversed single #
ptlist-eye-attrib $-1 $-1 $668 $539 #
point $-1 4.6500000000000004 2.7252999999999998 8.5 #
color-adesk-attrib $-1 $944 $-1 $671 256 #
straight-curve $-1 0 1 8.5 -1 0 0 I I #
color-adesk-attrib $-1 $945 $-1 $672 256 #
face $946 $947 $684 $6 $-1 $943 reversed single #
plane-surface $-1 0 1 8 0 -1 0 0 0 -1 forward_v I I I I #
ref_vt-eye-attrib $-1 $-1 $676 $434 $3 $4 #
fmesh-eye-attrib $-1 $948 $677 $550 #
coedge $-1 $679 $949 $950 $951 forward $128 $-1 #
coedge $-1 $952 $953 $679 $818 forward $954 $-1 #
edge $955 $823 $956 $679 $934 forward #
coedge $-1 $755 $680 $953 $957 reversed $821 $-1 #
coedge $-1 $680 $755 $682 $825 reversed $821 $-1 #
loop $-1 $-1 $755 $942 #
color-adesk-attrib $-1 $958 $-1 $681 256 #
vertex $-1 $818 $959 #
straight-curve $-1 4.6500000000000004 -2.7252999999999998 9.75 0 0 -1 I I #
edge $960 $686 $758 $820 $961 forward #
ptlist-eye-attrib $-1 $-1 $685 $555 #
point $-1 4.6500000000000004 -2.7252999999999998 8.5 #
color-adesk-attrib $-1 $962 $-1 $687 256 #
straight-curve $-1 0 -1 8.5 1 0 0 I I #
ptlist-eye-attrib $-1 $-1 $690 $562 #
coedge $-1 $963 $693 $964 $965 reversed $128 $-1 #
coedge $-1 $966 $967 $693 $833 reversed $968 $-1 #
edge $969 $838 $970 $693 $971 forward #
coedge $-1 $972 $694 $697 $841 forward $836 $-1 #
coedge $-1 $694 $972 $966 $973 forward $836 $-1 #
loop $-1 $-1 $834 $974 #
color-adesk-attrib $-1 $975 $-1 $695 256 #
vertex $-1 $695 $976 #
straight-curve $-1 4.6500000000000004 0 39 0 1 0 I I #
coedge $-1 $697 $696 $789 $923 forward $698 $-1 #
edge $977 $700 $978 $697 $979 forward #
face $980 $913 $698 $6 $-1 $981 reversed single #
ptlist-eye-attrib $-1 $-1 $699 $570 #
point $-1 4.6500000000000004 -1 39 #
color-adesk-attrib $-1 $982 $-1 $703 256 #
vertex $-1 $790 $983 #
straight-curve $-1 0 -1 40 1 0 0 I I #
color-adesk-attrib $-1 $984 $-1 $704 256 #
ptlist-eye-attrib $-1 $-1 $707 $578 #
point $-1 -4.6500000000000004 -2.4723999999999999 40 #
fmesh-eye-attrib $-1 $985 $710 $579 #
ref_vt-eye-attrib $-1 $-1 $714 $462 $3 $4 #
coedge $-1 $715 $986 $987 $988 reversed $128 $-1 #
coedge $-1 $773 $772 $715 $855 forward $774 $-1 #
edge $989 $857 $990 $715 $991 forward #
color-adesk-attrib $-1 $992 $-1 $717 256 #
vertex $-1 $717 $993 #
ptlist-eye-attrib $-1 $-1 $718 $589 #
point $-1 4.6500000000000004 2.4723999999999999 40 #
coedge $-1 $724 $723 $872 $994 forward $471 $-1 #
edge $995 $866 $875 $735 $996 forward #
coedge $-1 $741 $740 $724 $863 reversed $732 $-1 #
edge $997 $998 $865 $862 $999 forward #
color-adesk-attrib $-1 $1000 $-1 $726 256 #
vertex $-1 $726 $1001 #
vertex $-1 $749 $1002 #
straight-curve $-1 5.3339999999999996 0 43.5 0 -1 0 I I #
ref_vt-eye-attrib $-1 $-1 $729 $484 $3 $4 #
fmesh-eye-attrib $-1 $1003 $730 $602 #
color-adesk-attrib $-1 $1004 $-1 $731 256 #
plane-surface $-1 5.3339999999999996 0 45.5 -1 0 0 0 0 1 forward_v I I I I #
coedge $-1 $736 $734 $860 $994 reversed $603 $-1 #
edge $1005 $743 $998 $741 $1006 forward #
color-adesk-attrib $-1 $1007 $-1 $737 256 #
vertex $-1 $994 $1008 #
straight-curve $-1 -5.3339999999999996 -2.1589999999999998 45.5 0 0 -1 I I #
color-adesk-attrib $-1 $1009 $-1 $739 256 #
straight-curve $-1 -5.3339999999999996 0 47.5 0 -1 0 I I #
ptlist-eye-attrib $-1 $-1 $742 $608 #
point $-1 -5.3339999999999996 2.1589999999999998 47.5 #
ptlist-eye-attrib $-1 $-1 $746 $610 #
point $-1 -5.3339999999999996 -2.1589999999999998 47.5 #
color-adesk-attrib $-1 $1010 $-1 $749 256 #
straight-curve $-1 5.3339999999999996 -2.1589999999999998 45.5 0 0 -1 I I #
color-adesk-attrib $-1 $1011 $-1 $750 256 #
straight-curve $-1 5.3339999999999996 2.1589999999999998 45.5 0 0 -1 I I #
coedge $-1 $1012 $754 $1013 $1014 reversed $134 $-1 #
coedge $-1 $953 $952 $754 $889 forward $954 $-1 #
edge $1015 $1016 $891 $754 $1017 forward #
color-adesk-attrib $-1 $1018 $-1 $756 256 #
vertex $-1 $889 $1019 #
straight-curve $-1 -4.6500000000000004 -2.7252999999999998 9.75 0 0 -1 I I #
ptlist-eye-attrib $-1 $-1 $757 $620 #
point $-1 -4.6500000000000004 -2.7252999999999998 8.5 #
coedge $-1 $762 $1020 $1021 $1022 forward $134 $-1 #
coedge $-1 $930 $929 $762 $897 forward $931 $-1 #
edge $1023 $899 $1024 $762 $1017 forward #
color-adesk-attrib $-1 $1025 $-1 $764 256 #
vertex $-1 $935 $1026 #
straight-curve $-1 -4.6500000000000004 2.7252999999999998 9.75 0 0 -1 I I #
ptlist-eye-attrib $-1 $-1 $765 $628 #
point $-1 -4.6500000000000004 2.7252999999999998 8.5 #
coedge $-1 $1027 $769 $1028 $1029 reversed $134 $-1 #
coedge $-1 $1030 $1031 $769 $905 reversed $1032 $-1 #
edge $1033 $910 $1034 $904 $1035 forward #
coedge $-1 $987 $770 $773 $912 forward $908 $-1 #
coedge $-1 $770 $987 $1030 $1036 forward $908 $-1 #
loop $-1 $-1 $906 $1037 #
color-adesk-attrib $-1 $1038 $-1 $771 256 #
vertex $-1 $1036 $1039 #
straight-curve $-1 -4.6500000000000004 0 39 0 -1 0 I I #
edge $1040 $776 $990 $773 $1041 forward #
face $1042 $704 $774 $6 $-1 $1043 reversed single #
ptlist-eye-attrib $-1 $-1 $775 $636 #
point $-1 -4.6500000000000004 1 39 #
color-adesk-attrib $-1 $1044 $-1 $778 256 #
straight-curve $-1 0 1 40 -1 0 0 I I #
ptlist-eye-attrib $-1 $-1 $781 $643 #
fmesh-eye-attrib $-1 $1045 $783 $644 #
ref_vt-eye-attrib $-1 $-1 $786 $516 $3 $4 #
fmesh-eye-attrib $-1 $1046 $787 $650 #
coedge $-1 $789 $1047 $972 $1048 reversed $134 $-1 #
edge $1049 $846 $978 $789 $1050 forward #
color-adesk-attrib $-1 $1051 $-1 $790 256 #
ptlist-eye-attrib $-1 $-1 $791 $652 #
coedge $-1 $1052 $796 $1053 $1054 reversed $128 $-1 #
coedge $-1 $1055 $1056 $796 $928 forward $1057 $-1 #
edge $1058 $1059 $933 $796 $1060 forward #
coedge $-1 $896 $797 $800 $935 forward $931 $-1 #
coedge $-1 $797 $896 $1055 $1061 forward $931 $-1 #
loop $-1 $-1 $930 $947 #
color-adesk-attrib $-1 $1062 $-1 $798 256 #
vertex $-1 $928 $1063 #
straight-curve $-1 4.6500000000000004 0 11 0 1 0 I I #
edge $1064 $803 $899 $800 $1065 forward #
face $1066 $1067 $801 $6 $-1 $1068 reversed single #
ptlist-eye-attrib $-1 $-1 $802 $664 #
point $-1 4.6500000000000004 2.7252999999999998 11 #
color-adesk-attrib $-1 $1069 $-1 $805 256 #
straight-curve $-1 0 2.7252999999999998 8.5 1 0 0 I I #
color-adesk-attrib $-1 $1070 $-1 $806 256 #
face $1071 $936 $821 $6 $-1 $1072 reversed single #
plane-surface $-1 0 0 8.5 0 0 1 1 0 0 forward_v I I I I #
ptlist-eye-attrib $-1 $-1 $809 $671 #
fmesh-eye-attrib $-1 $1073 $811 $672 #
color-adesk-attrib $-1 $1074 $-1 $812 256 #
face $1075 $1076 $931 $6 $-1 $1077 forward single #
ref_vt-eye-attrib $-1 $-1 $815 $550 $3 $4 #
coedge $-1 $816 $1078 $1079 $1080 reversed $128 $-1 #
coedge $-1 $1081 $1082 $816 $951 reversed $1083 $-1 #
edge $1084 $1085 $956 $816 $1086 forward #
coedge $-1 $888 $817 $1082 $1087 forward $954 $-1 #
coedge $-1 $817 $888 $819 $957 forward $954 $-1 #
loop $-1 $-1 $952 $1076 #
color-adesk-attrib $-1 $1088 $-1 $818 256 #
vertex $-1 $951 $1089 #
edge $1090 $891 $823 $819 $1091 forward #
ptlist-eye-attrib $-1 $-1 $822 $681 #
point $-1 4.6500000000000004 -2.7252999999999998 11 #
color-adesk-attrib $-1 $1092 $-1 $825 256 #
straight-curve $-1 0 -2.7252999999999998 8.5 -1 0 0 I I #
ptlist-eye-attrib $-1 $-1 $828 $687 #
coedge $-1 $1093 $831 $1094 $1095 forward $128 $-1 #
coedge $-1 $1096 $1097 $831 $965 forward $1098 $-1 #
edge $1099 $1100 $970 $831 $1101 forward #
coedge $-1 $1102 $832 $835 $973 reversed $968 $-1 #
coedge $-1 $832 $1102 $1096 $1103 reversed $968 $-1 #
loop $-1 $-1 $1102 $1104 #
color-adesk-attrib $-1 $1105 $-1 $833 256 #
vertex $-1 $833 $1106 #
straight-curve $-1 4.6500000000000004 -2.7252999999999998 37.75 0 0 -1 I I #
coedge $-1 $835 $834 $922 $1048 forward $836 $-1 #
edge $1107 $1108 $838 $966 $1109 forward #
face $1110 $1111 $836 $6 $-1 $1112 forward single #
ptlist-eye-attrib $-1 $-1 $837 $695 #
point $-1 4.6500000000000004 -2.7252999999999998 39 #
color-adesk-attrib $-1 $1113 $-1 $841 256 #
vertex $-1 $923 $1114 #
straight-curve $-1 0 -1 39 -1 0 0 I I #
color-adesk-attrib $-1 $1115 $-1 $842 256 #
plane-surface $-1 0 -1 39.5 0 1 0 0 0 1 forward_v I I I I #
ptlist-eye-attrib $-1 $-1 $845 $703 #
point $-1 -4.6500000000000004 -1 40 #
fmesh-eye-attrib $-1 $1116 $848 $704 #
ref_vt-eye-attrib $-1 $-1 $851 $579 $3 $4 #
coedge $-1 $853 $1117 $1118 $1119 reversed $128 $-1 #
coedge $-1 $907 $906 $853 $988 forward $908 $-1 #
edge $1120 $990 $1121 $853 $839 forward #
color-adesk-attrib $-1 $1122 $-1 $855 256 #
vertex $-1 $855 $1123 #
straight-curve $-1 4.6500000000000004 1 39.5 0 0 -1 I I #
ptlist-eye-attrib $-1 $-1 $856 $717 #
point $-1 4.6500000000000004 1 40 #
edge $1124 $875 $998 $872 $1125 forward #
color-adesk-attrib $-1 $1126 $-1 $861 256 #
straight-curve $-1 0 -2.1589999999999998 43.5 -1 0 0 I I #
color-adesk-attrib $-1 $1127 $-1 $863 256 #
vertex $-1 $863 $1128 #
straight-curve $-1 0 2.1589999999999998 43.5 1 0 0 I I #
ptlist-eye-attrib $-1 $-1 $864 $726 #
point $-1 5.3339999999999996 2.1589999999999998 43.5 #
point $-1 5.3339999999999996 -2.1589999999999998 43.5 #
ref_vt-eye-attrib $-1 $-1 $869 $602 $3 $4 #
fmesh-eye-attrib $-1 $1129 $870 $731 #
color-adesk-attrib $-1 $1130 $-1 $873 256 #
straight-curve $-1 -5.3339999999999996 2.1589999999999998 45.5 0 0 -1 I I #
ptlist-eye-attrib $-1 $-1 $874 $737 #
point $-1 -5.3339999999999996 -2.1589999999999998 43.5 #
ptlist-eye-attrib $-1 $-1 $877 $739 #
ptlist-eye-attrib $-1 $-1 $883 $749 #
ptlist-eye-attrib $-1 $-1 $885 $750 #
coedge $-1 $1131 $887 $1132 $1133 reversed $134 $-1 #
coedge $-1 $1082 $1081 $887 $1014 forward $1083 $-1 #
edge $1134 $1135 $1016 $887 $1136 forward #
color-adesk-attrib $-1 $1137 $-1 $889 256 #
vertex $-1 $1014 $1138 #
straight-curve $-1 -4.6500000000000004 0 11 0 -1 0 I I #
ptlist-eye-attrib $-1 $-1 $890 $756 #
point $-1 -4.6500000000000004 -2.7252999999999998 11 #
coedge $-1 $895 $1139 $1140 $1141 reversed $134 $-1 #
coedge $-1 $1056 $1055 $895 $1022 reversed $1057 $-1 #
edge $1142 $1143 $1024 $1021 $1144 forward #
color-adesk-attrib $-1 $1145 $-1 $897 256 #
vertex $-1 $1061 $1146 #
ptlist-eye-attrib $-1 $-1 $898 $764 #
point $-1 -4.6500000000000004 2.7252999999999998 11 #
coedge $-1 $1147 $903 $1148 $1149 forward $134 $-1 #
coedge $-1 $1150 $1151 $903 $1029 forward $1152 $-1 #
edge $1153 $1154 $1034 $903 $1155 forward #
coedge $-1 $1118 $904 $907 $1036 reversed $1032 $-1 #
coedge $-1 $904 $1118 $1150 $1156 reversed $1032 $-1 #
loop $-1 $-1 $1118 $1157 #
color-adesk-attrib $-1 $1158 $-1 $905 256 #
vertex $-1 $1156 $1159 #
straight-curve $-1 -4.6500000000000004 2.7252999999999998 37.75 0 0 -1 I I #
edge $1160 $1121 $910 $1030 $1161 forward #
face $1162 $974 $908 $6 $-1 $1112 forward single #
ptlist-eye-attrib $-1 $-1 $909 $771 #
point $-1 -4.6500000000000004 2.7252999999999998 39 #
color-adesk-attrib $-1 $1163 $-1 $912 256 #
straight-curve $-1 0 1 39 1 0 0 I I #
color-adesk-attrib $-1 $1164 $-1 $913 256 #
plane-surface $-1 0 1 39.5 0 -1 0 0 0 -1 forward_v I I I I #
ptlist-eye-attrib $-1 $-1 $916 $778 #
ref_vt-eye-attrib $-1 $-1 $919 $644 $3 $4 #
ref_vt-eye-attrib $-1 $-1 $921 $650 $3 $4 #
coedge $-1 $922 $1165 $1102 $1166 reversed $134 $-1 #
edge $1167 $978 $1108 $922 $911 forward #
color-adesk-attrib $-1 $1168 $-1 $923 256 #
straight-curve $-1 -4.6500000000000004 -1 39.5 0 0 -1 I I #
ptlist-eye-attrib $-1 $-1 $924 $790 #
coedge $-1 $1169 $926 $1170 $1171 reversed $128 $-1 #
coedge $-1 $1172 $1173 $926 $1054 forward $1174 $-1 #
edge $1175 $1176 $1059 $926 $1177 forward #
coedge $-1 $1021 $927 $930 $1061 reversed $1057 $-1 #
coedge $-1 $927 $1021 $1172 $1178 reversed $1057 $-1 #
loop $-1 $-1 $927 $1179 #
color-adesk-attrib $-1 $1180 $-1 $928 256 #
vertex $-1 $1054 $1181 #
straight-curve $-1 4.6500000000000004 1 11.5 0 0 -1 I I #
edge $1182 $1024 $933 $1055 $1183 forward #
ptlist-eye-attrib $-1 $-1 $932 $798 #
point $-1 4.6500000000000004 1 11 #
color-adesk-attrib $-1 $1184 $-1 $935 256 #
straight-curve $-1 0 2.7252999999999998 11 -1 0 0 I I #
color-adesk-attrib $-1 $1185 $-1 $936 256 #
face $1186 $1179 $1083 $6 $-1 $1187 reversed single #
plane-surface $-1 0 2.7252999999999998 9.75 0 -1 0 0 0 -1 forward_v I I I I #
ptlist-eye-attrib $-1 $-1 $939 $805 #
fmesh-eye-attrib $-1 $1188 $941 $806 #
color-adesk-attrib $-1 $1189 $-1 $942 256 #
plane-surface $-1 0 -2.7252999999999998 9.75 0 1 0 0 0 1 forward_v I I I I #
ref_vt-eye-attrib $-1 $-1 $945 $672 $3 $4 #
fmesh-eye-attrib $-1 $1190 $946 $812 #
color-adesk-attrib $-1 $1191 $-1 $947 256 #
face $1192 $806 $954 $6 $-1 $1077 forward single #
plane-surface $-1 0 0 11 0 0 1 1 0 0 forward_v I I I I #
coedge $-1 $949 $1193 $1194 $1195 forward $128 $-1 #
coedge $-1 $1196 $1197 $949 $1080 forward $1198 $-1 #
edge $1199 $1085 $1200 $949 $1177 forward #
coedge $-1 $1013 $950 $1197 $1201 reversed $1083 $-1 #
coedge $-1 $950 $1013 $952 $1087 reversed $1083 $-1 #
loop $-1 $-1 $1013 $1067 #
color-adesk-attrib $-1 $1202 $-1 $951 256 #
vertex $-1 $1080 $1203 #
straight-curve $-1 4.6500000000000004 -1 11.5 0 0 -1 I I #
edge $1204 $956 $1016 $1082 $1205 forward #
ptlist-eye-attrib $-1 $-1 $955 $818 #
point $-1 4.6500000000000004 -1 11 #
color-adesk-attrib $-1 $1206 $-1 $957 256 #
straight-curve $-1 0 -2.7252999999999998 11 1 0 0 I I #
ptlist-eye-attrib $-1 $-1 $960 $825 #
coedge $-1 $1207 $963 $1208 $1209 reversed $128 $-1 #
coedge $-1 $1210 $1211 $963 $1095 reversed $1212 $-1 #
edge $1213 $1100 $1214 $963 $1215 forward #
coedge $-1 $1216 $964 $967 $1103 forward $1098 $-1 #
coedge $-1 $964 $1216 $1210 $1217 forward $1098 $-1 #
loop $-1 $-1 $1097 $1218 #
color-adesk-attrib $-1 $1219 $-1 $965 256 #
vertex $-1 $965 $1220 #
straight-curve $-1 4.6500000000000004 0 36.5 0 -1 0 I I #
coedge $-1 $967 $966 $1047 $1166 forward $968 $-1 #
edge $1221 $970 $1222 $967 $1223 forward #
face $1224 $1157 $968 $6 $-1 $1225 reversed single #
ptlist-eye-attrib $-1 $-1 $969 $833 #
point $-1 4.6500000000000004 -2.7252999999999998 36.5 #
color-adesk-attrib $-1 $1226 $-1 $973 256 #
vertex $-1 $1048 $1227 #
straight-curve $-1 0 -2.7252999999999998 39 1 0 0 I I #
color-adesk-attrib $-1 $1228 $-1 $974 256 #
face $1229 $1104 $1152 $6 $-1 $1230 reversed single #
plane-surface $-1 0 0 39 0 0 1 1 0 0 forward_v I I I I #
ptlist-eye-attrib $-1 $-1 $977 $841 #
point $-1 -4.6500000000000004 -1 39 #
fmesh-eye-attrib $-1 $1231 $980 $842 #
ref_vt-eye-attrib $-1 $-1 $984 $704 $3 $4 #
coedge $-1 $986 $1232 $1233 $1234 reversed $128 $-1 #
coedge $-1 $1031 $1030 $986 $1119 forward $1032 $-1 #
edge $1235 $1121 $1236 $986 $1237 forward #
color-adesk-attrib $-1 $1238 $-1 $988 256 #
vertex $-1 $988 $1239 #
ptlist-eye-attrib $-1 $-1 $989 $855 #
point $-1 4.6500000000000004 1 39 #
color-adesk-attrib $-1 $1240 $-1 $994 256 #
straight-curve $-1 -5.3339999999999996 0 43.5 0 1 0 I I #
ptlist-eye-attrib $-1 $-1 $995 $861 #
ptlist-eye-attrib $-1 $-1 $997 $863 #
point $-1 -5.3339999999999996 2.1589999999999998 43.5 #
ref_vt-eye-attrib $-1 $-1 $1004 $731 $3 $4 #
ptlist-eye-attrib $-1 $-1 $1005 $873 #
coedge $-1 $1241 $1012 $1242 $1243 reversed $134 $-1 #
coedge $-1 $1197 $1196 $1012 $1133 forward $1198 $-1 #
edge $1244 $1245 $1135 $1012 $1246 forward #
color-adesk-attrib $-1 $1247 $-1 $1014 256 #
vertex $-1 $1133 $1248 #
straight-curve $-1 -4.6500000000000004 -1 11.5 0 0 -1 I I #
ptlist-eye-attrib $-1 $-1 $1015 $889 #
point $-1 -4.6500000000000004 -1 11 #
coedge $-1 $1020 $1249 $1250 $1251 forward $134 $-1 #
coedge $-1 $1173 $1172 $1020 $1141 forward $1174 $-1 #
edge $1252 $1143 $1253 $1020 $1246 forward #
color-adesk-attrib $-1 $1254 $-1 $1022 256 #
vertex $-1 $1141 $1255 #
straight-curve $-1 -4.6500000000000004 1 11.5 0 0 -1 I I #
ptlist-eye-attrib $-1 $-1 $1023 $897 #
point $-1 -4.6500000000000004 1 11 #
coedge $-1 $1256 $1027 $1257 $1258 reversed $134 $-1 #
coedge $-1 $1259 $1260 $1027 $1149 reversed $1261 $-1 #
edge $1262 $1154 $1263 $1148 $1264 forward #
coedge $-1 $1233 $1028 $1031 $1156 forward $1152 $-1 #
coedge $-1 $1028 $1233 $1259 $1265 forward $1152 $-1 #
loop $-1 $-1 $1151 $1111 #
color-adesk-attrib $-1 $1266 $-1 $1029 256 #
vertex $-1 $1029 $1267 #
straight-curve $-1 -4.6500000000000004 0 36.5 0 1 0 I I #
edge $1268 $1034 $1236 $1031 $1269 forward #
face $1270 $842 $1032 $6 $-1 $1271 reversed single #
ptlist-eye-attrib $-1 $-1 $1033 $905 #
point $-1 -4.6500000000000004 2.7252999999999998 36.5 #
color-adesk-attrib $-1 $1272 $-1 $1036 256 #
straight-curve $-1 0 2.7252999999999998 39 -1 0 0 I I #
color-adesk-attrib $-1 $1273 $-1 $1037 256 #
ptlist-eye-attrib $-1 $-1 $1040 $912 #
fmesh-eye-attrib $-1 $1274 $1042 $913 #
coedge $-1 $1047 $1275 $1216 $1276 reversed $134 $-1 #
edge $1277 $1108 $1222 $1047 $1278 forward #
color-adesk-attrib $-1 $1279 $-1 $1048 256 #
ptlist-eye-attrib $-1 $-1 $1049 $923 #
coedge $-1 $1280 $1052 $1281 $1282 reversed $128 $-1 #
coedge $-1 $1283 $1284 $1052 $1171 forward $1285 $-1 #
edge $1286 $1287 $1176 $1052 $1288 forward #
coedge $-1 $1140 $1053 $1056 $1178 forward $1174 $-1 #
coedge $-1 $1053 $1140 $1283 $1289 forward $1174 $-1 #
loop $-1 $-1 $1172 $1290 #
color-adesk-attrib $-1 $1291 $-1 $1054 256 #
vertex $-1 $1054 $1292 #
straight-curve $-1 4.6500000000000004 0 12 0 -1 0 I I #
edge $1293 $1059 $1143 $1172 $1294 forward #
face $1295 $1296 $1057 $6 $-1 $1297 reversed single #
ptlist-eye-attrib $-1 $-1 $1058 $928 #
point $-1 4.6500000000000004 1 12 #
color-adesk-attrib $-1 $1298 $-1 $1061 256 #
straight-curve $-1 0 1 11 1 0 0 I I #
ptlist-eye-attrib $-1 $-1 $1064 $935 #
fmesh-eye-attrib $-1 $1299 $1066 $936 #
color-adesk-attrib $-1 $1300 $-1 $1067 256 #
plane-surface $-1 0 -1 11.5 0 1 0 0 0 1 forward_v I I I I #
ref_vt-eye-attrib $-1 $-1 $1070 $806 $3 $4 #
fmesh-eye-attrib $-1 $1301 $1071 $942 #
ref_vt-eye-attrib $-1 $-1 $1074 $812 $3 $4 #
fmesh-eye-attrib $-1 $1302 $1075 $947 #
color-adesk-attrib $-1 $1303 $-1 $1076 256 #
coedge $-1 $1078 $1304 $1305 $1306 reversed $128 $-1 #
coedge $-1 $1307 $1308 $1078 $1195 reversed $1309 $-1 #
edge $1310 $1311 $1200 $1078 $1312 forward #
coedge $-1 $1132 $1079 $1308 $1313 forward $1198 $-1 #
coedge $-1 $1079 $1132 $1081 $1201 forward $1198 $-1 #
loop $-1 $-1 $1197 $1296 #
color-adesk-attrib $-1 $1314 $-1 $1080 256 #
vertex $-1 $1195 $1315 #
edge $1316 $1135 $1085 $1197 $1317 forward #
ptlist-eye-attrib $-1 $-1 $1084 $951 #
point $-1 4.6500000000000004 -1 12 #
color-adesk-attrib $-1 $1318 $-1 $1087 256 #
straight-curve $-1 0 -1 11 -1 0 0 I I #
ptlist-eye-attrib $-1 $-1 $1090 $957 #
coedge $-1 $1319 $1093 $1320 $1321 forward $128 $-1 #
coedge $-1 $1322 $1323 $1093 $1209 forward $1324 $-1 #
edge $1325 $1326 $1214 $1093 $1327 forward #
coedge $-1 $1328 $1094 $1097 $1217 reversed $1212 $-1 #
coedge $-1 $1094 $1328 $1322 $1329 reversed $1212 $-1 #
loop $-1 $-1 $1328 $1330 #
color-adesk-attrib $-1 $1331 $-1 $1095 256 #
vertex $-1 $1095 $1332 #
straight-curve $-1 4.6500000000000004 -1 36 0 0 -1 I I #
coedge $-1 $1097 $1096 $1165 $1276 forward $1098 $-1 #
edge $1333 $1334 $1100 $1097 $1335 forward #
face $1336 $1037 $1098 $6 $-1 $1230 reversed single #
ptlist-eye-attrib $-1 $-1 $1099 $965 #
point $-1 4.6500000000000004 -1 36.5 #
color-adesk-attrib $-1 $1337 $-1 $1103 256 #
vertex $-1 $1276 $1338 #
straight-curve $-1 0 -2.7252999999999998 36.5 -1 0 0 I I #
color-adesk-attrib $-1 $1339 $-1 $1104 256 #
plane-surface $-1 0 -2.7252999999999998 37.75 0 1 0 0 0 1 forward_v I I I I #
ptlist-eye-attrib $-1 $-1 $1107 $973 #
point $-1 -4.6500000000000004 -2.7252999999999998 39 #
fmesh-eye-attrib $-1 $1340 $1110 $974 #
color-adesk-attrib $-1 $1341 $-1 $1111 256 #
plane-surface $-1 0 0 36.5 0 0 1 1 0 0 forward_v I I I I #
ref_vt-eye-attrib $-1 $-1 $1115 $842 $3 $4 #
coedge $-1 $1117 $1342 $1343 $1344 reversed $128 $-1 #
coedge $-1 $1151 $1150 $1117 $1234 forward $1152 $-1 #
edge $1345 $1236 $1346 $1117 $1101 forward #
color-adesk-attrib $-1 $1347 $-1 $1119 256 #
vertex $-1 $1234 $1348 #
straight-curve $-1 4.6500000000000004 2.7252999999999998 37.75 0 0 -1 I I #
ptlist-eye-attrib $-1 $-1 $1120 $988 #
point $-1 4.6500000000000004 2.7252999999999998 39 #
ptlist-eye-attrib $-1 $-1 $1124 $994 #
coedge $-1 $1349 $1131 $1350 $1351 reversed $134 $-1 #
coedge $-1 $1308 $1307 $1131 $1243 forward $1309 $-1 #
edge $1352 $1353 $1245 $1131 $1354 forward #
color-adesk-attrib $-1 $1355 $-1 $1133 256 #
vertex $-1 $1133 $1356 #
straight-curve $-1 -4.6500000000000004 0 12 0 1 0 I I #
ptlist-eye-attrib $-1 $-1 $1134 $1014 #
point $-1 -4.6500000000000004 -1 12 #
coedge $-1 $1139 $1357 $1358 $1359 reversed $134 $-1 #
coedge $-1 $1284 $1283 $1139 $1251 reversed $1285 $-1 #
edge $1360 $1361 $1253 $1250 $1362 forward #
color-adesk-attrib $-1 $1363 $-1 $1141 256 #
vertex $-1 $1289 $1364 #
ptlist-eye-attrib $-1 $-1 $1142 $1022 #
point $-1 -4.6500000000000004 1 12 #
coedge $-1 $1365 $1147 $1366 $1367 forward $134 $-1 #
coedge $-1 $1368 $1369 $1147 $1258 forward $1370 $-1 #
edge $1371 $1372 $1263 $1147 $1373 forward #
coedge $-1 $1343 $1148 $1151 $1265 reversed $1261 $-1 #
coedge $-1 $1148 $1343 $1368 $1374 reversed $1261 $-1 #
loop $-1 $-1 $1343 $1375 #
color-adesk-attrib $-1 $1376 $-1 $1149 256 #
vertex $-1 $1374 $1377 #
straight-curve $-1 -4.6500000000000004 1 36 0 0 -1 I I #
edge $1378 $1346 $1154 $1151 $1379 forward #
ptlist-eye-attrib $-1 $-1 $1153 $1029 #
point $-1 -4.6500000000000004 1 36.5 #
color-adesk-attrib $-1 $1380 $-1 $1156 256 #
straight-curve $-1 0 2.7252999999999998 36.5 1 0 0 I I #
color-adesk-attrib $-1 $1381 $-1 $1157 256 #
plane-surface $-1 0 2.7252999999999998 37.75 0 -1 0 0 0 -1 forward_v I I I I #
ptlist-eye-attrib $-1 $-1 $1160 $1036 #
fmesh-eye-attrib $-1 $1382 $1162 $1037 #
ref_vt-eye-attrib $-1 $-1 $1164 $913 $3 $4 #
coedge $-1 $1165 $1383 $1328 $1384 reversed $134 $-1 #
edge $1385 $1222 $1334 $1165 $1155 forward #
color-adesk-attrib $-1 $1386 $-1 $1166 256 #
straight-curve $-1 -4.6500000000000004 -2.7252999999999998 37.75 0 0 -1 I I #
ptlist-eye-attrib $-1 $-1 $1167 $1048 #
coedge $-1 $1387 $1169 $1388 $1389 reversed $128 $-1 #
coedge $-1 $1390 $1391 $1169 $1282 forward $1392 $-1 #
edge $1393 $1394 $1287 $1169 $1395 forward #
coedge $-1 $1250 $1170 $1173 $1289 reversed $1285 $-1 #
coedge $-1 $1170 $1250 $1390 $1396 reversed $1285 $-1 #
loop $-1 $-1 $1170 $1397 #
color-adesk-attrib $-1 $1398 $-1 $1171 256 #
vertex $-1 $1282 $1399 #
straight-curve $-1 4.6500000000000004 3.2728000000000002 13.25 0 0 -1 I I #
edge $1400 $1253 $1176 $1283 $1401 forward #
face $1402 $1403 $1174 $6 $-1 $1404 reversed single #
ptlist-eye-attrib $-1 $-1 $1175 $1054 #
point $-1 4.6500000000000004 3.2728000000000002 12 #
color-adesk-attrib $-1 $1405 $-1 $1178 256 #
straight-curve $-1 0 1 12 -1 0 0 I I #
color-adesk-attrib $-1 $1406 $-1 $1179 256 #
face $1407 $1408 $1198 $6 $-1 $1404 reversed single #
plane-surface $-1 0 1 11.5 0 -1 0 0 0 -1 forward_v I I I I #
ptlist-eye-attrib $-1 $-1 $1182 $1061 #
ref_vt-eye-attrib $-1 $-1 $1185 $936 $3 $4 #
fmesh-eye-attrib $-1 $1409 $1186 $1067 #
ref_vt-eye-attrib $-1 $-1 $1189 $942 $3 $4 #
ref_vt-eye-attrib $-1 $-1 $1191 $947 $3 $4 #
fmesh-eye-attrib $-1 $1410 $1192 $1076 #
coedge $-1 $1193 $1411 $1412 $1413 forward $128 $-1 #
coedge $-1 $1414 $1415 $1193 $1306 forward $1416 $-1 #
edge $1417 $1311 $1418 $1193 $1395 forward #
coedge $-1 $1242 $1194 $1415 $1419 reversed $1309 $-1 #
coedge $-1 $1194 $1242 $1196 $1313 reversed $1309 $-1 #
loop $-1 $-1 $1242 $1403 #
color-adesk-attrib $-1 $1420 $-1 $1195 256 #
vertex $-1 $1306 $1421 #
straight-curve $-1 4.6500000000000004 -3.2728000000000002 13.25 0 0 -1 I I #
edge $1422 $1200 $1245 $1308 $1423 forward #
ptlist-eye-attrib $-1 $-1 $1199 $1080 #
point $-1 4.6500000000000004 -3.2728000000000002 12 #
color-adesk-attrib $-1 $1424 $-1 $1201 256 #
straight-curve $-1 0 -1 12 1 0 0 I I #
ptlist-eye-attrib $-1 $-1 $1204 $1087 #
coedge $-1 $1425 $1207 $1426 $1427 reversed $128 $-1 #
coedge $-1 $1428 $1429 $1207 $1321 reversed $1430 $-1 #
edge $1431 $1326 $1432 $1207 $1433 forward #
coedge $-1 $1434 $1208 $1211 $1329 forward $1324 $-1 #
coedge $-1 $1208 $1434 $1428 $1435 forward $1324 $-1 #
loop $-1 $-1 $1322 $1436 #
color-adesk-attrib $-1 $1437 $-1 $1209 256 #
vertex $-1 $1209 $1438 #
straight-curve $-1 4.6500000000000004 0 35.5 0 1 0 I I #
coedge $-1 $1211 $1210 $1275 $1384 forward $1212 $-1 #
edge $1439 $1214 $1440 $1211 $1441 forward #
face $1442 $1375 $1212 $6 $-1 $1443 reversed single #
ptlist-eye-attrib $-1 $-1 $1213 $1095 #
point $-1 4.6500000000000004 -1 35.5 #
color-adesk-attrib $-1 $1444 $-1 $1217 256 #
vertex $-1 $1276 $1445 #
straight-curve $-1 0 -1 36.5 1 0 0 I I #
color-adesk-attrib $-1 $1446 $-1 $1218 256 #
ptlist-eye-attrib $-1 $-1 $1221 $1103 #
point $-1 -4.6500000000000004 -2.7252999999999998 36.5 #
fmesh-eye-attrib $-1 $1447 $1224 $1104 #
ref_vt-eye-attrib $-1 $-1 $1228 $974 $3 $4 #
fmesh-eye-attrib $-1 $1448 $1229 $1111 #
coedge $-1 $1232 $1449 $1450 $1451 reversed $128 $-1 #
coedge $-1 $1260 $1259 $1232 $1344 forward $1261 $-1 #
edge $1452 $1346 $1453 $1232 $1454 forward #
color-adesk-attrib $-1 $1455 $-1 $1234 256 #
vertex $-1 $1234 $1456 #
ptlist-eye-attrib $-1 $-1 $1235 $1119 #
point $-1 4.6500000000000004 2.7252999999999998 36.5 #
coedge $-1 $1457 $1241 $1458 $1459 reversed $134 $-1 #
coedge $-1 $1415 $1414 $1241 $1351 forward $1416 $-1 #
edge $1460 $1461 $1353 $1241 $1462 forward #
color-adesk-attrib $-1 $1463 $-1 $1243 256 #
vertex $-1 $1351 $1464 #
straight-curve $-1 -4.6500000000000004 -3.2728000000000002 13.25 0 0 -1 I I #
ptlist-eye-attrib $-1 $-1 $1244 $1133 #
point $-1 -4.6500000000000004 -3.2728000000000002 12 #
coedge $-1 $1249 $1465 $1466 $1467 forward $134 $-1 #
coedge $-1 $1391 $1390 $1249 $1359 forward $1392 $-1 #
edge $1468 $1361 $1469 $1249 $1462 forward #
color-adesk-attrib $-1 $1470 $-1 $1251 256 #
vertex $-1 $1396 $1471 #
straight-curve $-1 -4.6500000000000004 3.2728000000000002 13.25 0 0 -1 I I #
ptlist-eye-attrib $-1 $-1 $1252 $1141 #
point $-1 -4.6500000000000004 3.2728000000000002 12 #
coedge $-1 $1472 $1256 $1473 $1474 reversed $134 $-1 #
coedge $-1 $1475 $1476 $1256 $1367 reversed $1477 $-1 #
edge $1478 $1372 $1479 $1366 $1480 forward #
coedge $-1 $1450 $1257 $1260 $1374 forward $1370 $-1 #
coedge $-1 $1257 $1450 $1475 $1481 forward $1370 $-1 #
loop $-1 $-1 $1368 $1482 #
color-adesk-attrib $-1 $1483 $-1 $1258 256 #
vertex $-1 $1481 $1484 #
straight-curve $-1 -4.6500000000000004 0 35.5 0 -1 0 I I #
edge $1485 $1263 $1453 $1260 $1486 forward #
face $1487 $1218 $1261 $6 $-1 $1488 reversed single #
ptlist-eye-attrib $-1 $-1 $1262 $1149 #
point $-1 -4.6500000000000004 1 35.5 #
color-adesk-attrib $-1 $1489 $-1 $1265 256 #
straight-curve $-1 0 1 36.5 -1 0 0 I I #
ptlist-eye-attrib $-1 $-1 $1268 $1156 #
fmesh-eye-attrib $-1 $1490 $1270 $1157 #
ref_vt-eye-attrib $-1 $-1 $1273 $1037 $3 $4 #
coedge $-1 $1275 $1491 $1434 $1492 reversed $134 $-1 #
edge $1493 $1334 $1440 $1275 $1494 forward #
color-adesk-attrib $-1 $1495 $-1 $1276 256 #
ptlist-eye-attrib $-1 $-1 $1277 $1166 #
coedge $-1 $1496 $1280 $1497 $1498 reversed $128 $-1 #
coedge $-1 $1499 $1500 $1280 $1389 forward $1501 $-1 #
edge $1502 $1503 $1394 $1280 $1504 forward #
coedge $-1 $1358 $1281 $1284 $1396 forward $1392 $-1 #
coedge $-1 $1281 $1358 $1499 $1505 forward $1392 $-1 #
loop $-1 $-1 $1391 $1408 #
color-adesk-attrib $-1 $1506 $-1 $1282 256 #
vertex $-1 $1389 $1507 #
straight-curve $-1 4.6500000000000004 0 14.5 0 1 0 I I #
edge $1508 $1287 $1361 $1284 $1509 forward #
face $1510 $1511 $1285 $6 $-1 $1512 reversed single #
ptlist-eye-attrib $-1 $-1 $1286 $1171 #
point $-1 4.6500000000000004 3.2728000000000002 14.5 #
color-adesk-attrib $-1 $1513 $-1 $1289 256 #
straight-curve $-1 0 3.2728000000000002 12 1 0 0 I I #
color-adesk-attrib $-1 $1514 $-1 $1290 256 #
face $1515 $1397 $1309 $6 $-1 $1516 reversed single #
plane-surface $-1 0 0 12 0 0 1 1 0 0 forward_v I I I I #
ptlist-eye-attrib $-1 $-1 $1293 $1178 #
fmesh-eye-attrib $-1 $1517 $1295 $1179 #
color-adesk-attrib $-1 $1518 $-1 $1296 256 #
face $1519 $1520 $1392 $6 $-1 $1521 forward single #
ref_vt-eye-attrib $-1 $-1 $1300 $1067 $3 $4 #
ref_vt-eye-attrib $-1 $-1 $1303 $1076 $3 $4 #
coedge $-1 $1304 $1522 $1523 $1524 reversed $128 $-1 #
coedge $-1 $1525 $1526 $1304 $1413 reversed $1527 $-1 #
edge $1528 $1529 $1418 $1304 $1530 forward #
coedge $-1 $1350 $1305 $1526 $1531 forward $1416 $-1 #
coedge $-1 $1305 $1350 $1307 $1419 forward $1416 $-1 #
loop $-1 $-1 $1414 $1520 #
color-adesk-attrib $-1 $1532 $-1 $1306 256 #
vertex $-1 $1413 $1533 #
edge $1534 $1353 $1311 $1307 $1535 forward #
ptlist-eye-attrib $-1 $-1 $1310 $1195 #
point $-1 4.6500000000000004 -3.2728000000000002 14.5 #
color-adesk-attrib $-1 $1536 $-1 $1313 256 #
straight-curve $-1 0 -3.2728000000000002 12 -1 0 0 I I #
ptlist-eye-attrib $-1 $-1 $1316 $1201 #
coedge $-1 $1537 $1319 $1538 $1539 forward $128 $-1 #
coedge $-1 $1540 $1541 $1319 $1427 forward $1542 $-1 #
edge $1543 $1544 $1432 $1319 $1545 forward #
coedge $-1 $1546 $1320 $1323 $1435 reversed $1430 $-1 #
coedge $-1 $1320 $1546 $1540 $1547 reversed $1430 $-1 #
loop $-1 $-1 $1546 $1548 #
color-adesk-attrib $-1 $1549 $-1 $1321 256 #
vertex $-1 $1321 $1550 #
straight-curve $-1 4.6500000000000004 -3.2728000000000002 34.25 0 0 -1 I I #
coedge $-1 $1323 $1322 $1383 $1492 forward $1324 $-1 #
edge $1551 $1552 $1326 $1428 $1553 forward #
face $1554 $1555 $1324 $6 $-1 $1556 forward single #
ptlist-eye-attrib $-1 $-1 $1325 $1209 #
point $-1 4.6500000000000004 -3.2728000000000002 35.5 #
color-adesk-attrib $-1 $1557 $-1 $1329 256 #
vertex $-1 $1384 $1558 #
straight-curve $-1 0 -1 35.5 -1 0 0 I I #
color-adesk-attrib $-1 $1559 $-1 $1330 256 #
plane-surface $-1 0 -1 36 0 1 0 0 0 1 forward_v I I I I #
ptlist-eye-attrib $-1 $-1 $1333 $1217 #
point $-1 -4.6500000000000004 -1 36.5 #
fmesh-eye-attrib $-1 $1560 $1336 $1218 #
ref_vt-eye-attrib $-1 $-1 $1339 $1104 $3 $4 #
ref_vt-eye-attrib $-1 $-1 $1341 $1111 $3 $4 #
coedge $-1 $1342 $1561 $1562 $1563 reversed $128 $-1 #
coedge $-1 $1369 $1368 $1342 $1451 forward $1370 $-1 #
edge $1564 $1453 $1565 $1342 $1327 forward #
color-adesk-attrib $-1 $1566 $-1 $1344 256 #
vertex $-1 $1344 $1567 #
straight-curve $-1 4.6500000000000004 1 36 0 0 -1 I I #
ptlist-eye-attrib $-1 $-1 $1345 $1234 #
point $-1 4.6500000000000004 1 36.5 #
coedge $-1 $1568 $1349 $1569 $1570 reversed $134 $-1 #
coedge $-1 $1526 $1525 $1349 $1459 forward $1527 $-1 #
edge $1571 $1572 $1461 $1349 $1573 forward #
color-adesk-attrib $-1 $1574 $-1 $1351 256 #
vertex $-1 $1459 $1575 #
straight-curve $-1 -4.6500000000000004 0 14.5 0 -1 0 I I #
ptlist-eye-attrib $-1 $-1 $1352 $1243 #
point $-1 -4.6500000000000004 -3.2728000000000002 14.5 #
coedge $-1 $1357 $1576 $1577 $1578 reversed $134 $-1 #
coedge $-1 $1500 $1499 $1357 $1467 reversed $1501 $-1 #
edge $1579 $1580 $1469 $1466 $1581 forward #
color-adesk-attrib $-1 $1582 $-1 $1359 256 #
vertex $-1 $1505 $1583 #
ptlist-eye-attrib $-1 $-1 $1360 $1251 #
point $-1 -4.6500000000000004 3.2728000000000002 14.5 #
coedge $-1 $1584 $1365 $1585 $1586 forward $134 $-1 #
coedge $-1 $1587 $1588 $1365 $1474 forward $1589 $-1 #
edge $1590 $1591 $1479 $1365 $1592 forward #
coedge $-1 $1562 $1366 $1369 $1481 reversed $1477 $-1 #
coedge $-1 $1366 $1562 $1587 $1593 reversed $1477 $-1 #
loop $-1 $-1 $1562 $1594 #
color-adesk-attrib $-1 $1595 $-1 $1367 256 #
vertex $-1 $1593 $1596 #
straight-curve $-1 -4.6500000000000004 3.2728000000000002 34.25 0 0 -1 I I #
edge $1597 $1565 $1372 $1475 $1598 forward #
face $1599 $1436 $1370 $6 $-1 $1556 forward single #
ptlist-eye-attrib $-1 $-1 $1371 $1258 #
point $-1 -4.6500000000000004 3.2728000000000002 35.5 #
color-adesk-attrib $-1 $1600 $-1 $1374 256 #
straight-curve $-1 0 1 35.5 1 0 0 I I #
color-adesk-attrib $-1 $1601 $-1 $1375 256 #
plane-surface $-1 0 1 36 0 -1 0 0 0 -1 forward_v I I I I #
ptlist-eye-attrib $-1 $-1 $1378 $1265 #
ref_vt-eye-attrib $-1 $-1 $1381 $1157 $3 $4 #
coedge $-1 $1383 $1602 $1546 $1603 reversed $134 $-1 #
edge $1604 $1440 $1552 $1383 $1373 forward #
color-adesk-attrib $-1 $1605 $-1 $1384 256 #
straight-curve $-1 -4.6500000000000004 -1 36 0 0 -1 I I #
ptlist-eye-attrib $-1 $-1 $1385 $1276 #
coedge $-1 $1606 $1387 $1607 $1608 reversed $128 $-1 #
coedge $-1 $1609 $1610 $1387 $1498 forward $1611 $-1 #
edge $1612 $1613 $1503 $1387 $1614 forward #
coedge $-1 $1466 $1388 $1391 $1505 reversed $1501 $-1 #
coedge $-1 $1388 $1466 $1609 $1615 reversed $1501 $-1 #
loop $-1 $-1 $1388 $1616 #
color-adesk-attrib $-1 $1617 $-1 $1389 256 #
vertex $-1 $1498 $1618 #
straight-curve $-1 4.6500000000000004 1 15 0 0 -1 I I #
edge $1619 $1469 $1394 $1499 $1620 forward #
ptlist-eye-attrib $-1 $-1 $1393 $1282 #
point $-1 4.6500000000000004 1 14.5 #
color-adesk-attrib $-1 $1621 $-1 $1396 256 #
straight-curve $-1 0 3.2728000000000002 14.5 -1 0 0 I I #
color-adesk-attrib $-1 $1622 $-1 $1397 256 #
face $1623 $1616 $1527 $6 $-1 $1624 reversed single #
plane-surface $-1 0 3.2728000000000002 13.25 0 -1 0 0 0 -1 forward_v I I I I #
ptlist-eye-attrib $-1 $-1 $1400 $1289 #
fmesh-eye-attrib $-1 $1625 $1402 $1290 #
color-adesk-attrib $-1 $1626 $-1 $1403 256 #
plane-surface $-1 0 -3.2728000000000002 13.25 0 1 0 0 0 1 forward_v I I I I #
ref_vt-eye-attrib $-1 $-1 $1406 $1179 $3 $4 #
fmesh-eye-attrib $-1 $1627 $1407 $1296 #
color-adesk-attrib $-1 $1628 $-1 $1408 256 #
face $1629 $1290 $1416 $6 $-1 $1521 forward single #
plane-surface $-1 0 0 14.5 0 0 1 1 0 0 forward_v I I I I #
coedge $-1 $1411 $1630 $1631 $1632 forward $128 $-1 #
coedge $-1 $1633 $1634 $1411 $1524 forward $1635 $-1 #
edge $1636 $1529 $1637 $1411 $1614 forward #
coedge $-1 $1458 $1412 $1634 $1638 reversed $1527 $-1 #
coedge $-1 $1412 $1458 $1414 $1531 reversed $1527 $-1 #
loop $-1 $-1 $1458 $1511 #
color-adesk-attrib $-1 $1639 $-1 $1413 256 #
vertex $-1 $1524 $1640 #
straight-curve $-1 4.6500000000000004 -1 15 0 0 -1 I I #
edge $1641 $1418 $1461 $1526 $1642 forward #
ptlist-eye-attrib $-1 $-1 $1417 $1306 #
point $-1 4.6500000000000004 -1 14.5 #
color-adesk-attrib $-1 $1643 $-1 $1419 256 #
straight-curve $-1 0 -3.2728000000000002 14.5 1 0 0 I I #
ptlist-eye-attrib $-1 $-1 $1422 $1313 #
coedge $-1 $1644 $1425 $1645 $1646 reversed $128 $-1 #
coedge $-1 $1647 $1648 $1425 $1539 reversed $1649 $-1 #
edge $1650 $1544 $1651 $1425 $1652 forward #
coedge $-1 $1653 $1426 $1429 $1547 forward $1542 $-1 #
coedge $-1 $1426 $1653 $1647 $1654 forward $1542 $-1 #
loop $-1 $-1 $1541 $1655 #
color-adesk-attrib $-1 $1656 $-1 $1427 256 #
vertex $-1 $1427 $1657 #
straight-curve $-1 4.6500000000000004 0 33 0 -1 0 I I #
coedge $-1 $1429 $1428 $1491 $1603 forward $1430 $-1 #
edge $1658 $1432 $1659 $1429 $1660 forward #
face $1661 $1594 $1430 $6 $-1 $1662 reversed single #
ptlist-eye-attrib $-1 $-1 $1431 $1321 #
point $-1 4.6500000000000004 -3.2728000000000002 33 #
color-adesk-attrib $-1 $1663 $-1 $1435 256 #
vertex $-1 $1492 $1664 #
straight-curve $-1 0 -3.2728000000000002 35.5 1 0 0 I I #
color-adesk-attrib $-1 $1665 $-1 $1436 256 #
face $1666 $1548 $1589 $6 $-1 $1667 reversed single #
plane-surface $-1 0 0 35.5 0 0 1 1 0 0 forward_v I I I I #
ptlist-eye-attrib $-1 $-1 $1439 $1329 #
point $-1 -4.6500000000000004 -1 35.5 #
fmesh-eye-attrib $-1 $1668 $1442 $1330 #
ref_vt-eye-attrib $-1 $-1 $1446 $1218 $3 $4 #
coedge $-1 $1449 $1669 $1670 $1671 reversed $128 $-1 #
coedge $-1 $1476 $1475 $1449 $1563 forward $1477 $-1 #
edge $1672 $1565 $1673 $1449 $1674 forward #
color-adesk-attrib $-1 $1675 $-1 $1451 256 #
vertex $-1 $1451 $1676 #
ptlist-eye-attrib $-1 $-1 $1452 $1344 #
point $-1 4.6500000000000004 1 35.5 #
coedge $-1 $1677 $1457 $1678 $1679 reversed $134 $-1 #
coedge $-1 $1634 $1633 $1457 $1570 forward $1635 $-1 #
edge $1680 $1681 $1572 $1457 $1682 forward #
color-adesk-attrib $-1 $1683 $-1 $1459 256 #
vertex $-1 $1570 $1684 #
straight-curve $-1 -4.6500000000000004 -1 15 0 0 -1 I I #
ptlist-eye-attrib $-1 $-1 $1460 $1351 #
point $-1 -4.6500000000000004 -1 14.5 #
coedge $-1 $1465 $1685 $1686 $1687 forward $134 $-1 #
coedge $-1 $1610 $1609 $1465 $1578 forward $1611 $-1 #
edge $1688 $1580 $1689 $1465 $1682 forward #
color-adesk-attrib $-1 $1690 $-1 $1467 256 #
vertex $-1 $1578 $1691 #
straight-curve $-1 -4.6500000000000004 1 15 0 0 -1 I I #
ptlist-eye-attrib $-1 $-1 $1468 $1359 #
point $-1 -4.6500000000000004 1 14.5 #
coedge $-1 $1692 $1472 $1693 $1694 reversed $134 $-1 #
coedge $-1 $1695 $1696 $1472 $1586 reversed $1697 $-1 #
edge $1698 $1591 $1699 $1585 $1700 forward #
coedge $-1 $1670 $1473 $1476 $1593 forward $1589 $-1 #
coedge $-1 $1473 $1670 $1695 $1701 forward $1589 $-1 #
loop $-1 $-1 $1588 $1555 #
color-adesk-attrib $-1 $1702 $-1 $1474 256 #
vertex $-1 $1474 $1703 #
straight-curve $-1 -4.6500000000000004 0 33 0 1 0 I I #
edge $1704 $1479 $1673 $1476 $1705 forward #
face $1706 $1330 $1477 $6 $-1 $1707 reversed single #
ptlist-eye-attrib $-1 $-1 $1478 $1367 #
point $-1 -4.6500000000000004 3.2728000000000002 33 #
color-adesk-attrib $-1 $1708 $-1 $1481 256 #
straight-curve $-1 0 3.2728000000000002 35.5 -1 0 0 I I #
color-adesk-attrib $-1 $1709 $-1 $1482 256 #
ptlist-eye-attrib $-1 $-1 $1485 $1374 #
fmesh-eye-attrib $-1 $1710 $1487 $1375 #
coedge $-1 $1491 $1711 $1653 $1712 reversed $134 $-1 #
edge $1713 $1552 $1659 $1491 $1714 forward #
color-adesk-attrib $-1 $1715 $-1 $1492 256 #
ptlist-eye-attrib $-1 $-1 $1493 $1384 #
coedge $-1 $1716 $1496 $1717 $1718 reversed $128 $-1 #
coedge $-1 $1719 $1720 $1496 $1608 forward $1721 $-1 #
edge $1722 $1723 $1613 $1496 $1724 forward #
coedge $-1 $1577 $1497 $1500 $1615 forward $1611 $-1 #
coedge $-1 $1497 $1577 $1719 $1725 forward $1611 $-1 #
loop $-1 $-1 $1609 $1726 #
color-adesk-attrib $-1 $1727 $-1 $1498 256 #
vertex $-1 $1498 $1728 #
straight-curve $-1 4.6500000000000004 0 15.5 0 -1 0 I I #
edge $1729 $1503 $1580 $1609 $1730 forward #
face $1731 $1732 $1501 $6 $-1 $1733 reversed single #
ptlist-eye-attrib $-1 $-1 $1502 $1389 #
point $-1 4.6500000000000004 1 15.5 #
color-adesk-attrib $-1 $1734 $-1 $1505 256 #
straight-curve $-1 0 1 14.5 1 0 0 I I #
ptlist-eye-attrib $-1 $-1 $1508 $1396 #
fmesh-eye-attrib $-1 $1735 $1510 $1397 #
color-adesk-attrib $-1 $1736 $-1 $1511 256 #
plane-surface $-1 0 -1 15 0 1 0 0 0 1 forward_v I I I I #
ref_vt-eye-attrib $-1 $-1 $1514 $1290 $3 $4 #
fmesh-eye-attrib $-1 $1737 $1515 $1403 #
ref_vt-eye-attrib $-1 $-1 $1518 $1296 $3 $4 #
fmesh-eye-attrib $-1 $1738 $1519 $1408 #
color-adesk-attrib $-1 $1739 $-1 $1520 256 #
coedge $-1 $1522 $1740 $1741 $1742 reversed $128 $-1 #
coedge $-1 $1743 $1744 $1522 $1632 reversed $1745 $-1 #
edge $1746 $1747 $1637 $1522 $1748 forward #
coedge $-1 $1569 $1523 $1744 $1749 forward $1635 $-1 #
coedge $-1 $1523 $1569 $1525 $1638 forward $1635 $-1 #
loop $-1 $-1 $1634 $1732 #
color-adesk-attrib $-1 $1750 $-1 $1524 256 #
vertex $-1 $1632 $1751 #
edge $1752 $1572 $1529 $1634 $1753 forward #
ptlist-eye-attrib $-1 $-1 $1528 $1413 #
point $-1 4.6500000000000004 -1 15.5 #
color-adesk-attrib $-1 $1754 $-1 $1531 256 #
straight-curve $-1 0 -1 14.5 -1 0 0 I I #
ptlist-eye-attrib $-1 $-1 $1534 $1419 #
coedge $-1 $1755 $1537 $1756 $1757 forward $128 $-1 #
coedge $-1 $1758 $1759 $1537 $1646 forward $1760 $-1 #
edge $1761 $1762 $1651 $1537 $1763 forward #
coedge $-1 $1764 $1538 $1541 $1654 reversed $1649 $-1 #
coedge $-1 $1538 $1764 $1758 $1765 reversed $1649 $-1 #
loop $-1 $-1 $1764 $1766 #
color-adesk-attrib $-1 $1767 $-1 $1539 256 #
vertex $-1 $1539 $1768 #
straight-curve $-1 4.6500000000000004 -1 32.5 0 0 -1 I I #
coedge $-1 $1541 $1540 $1602 $1712 forward $1542 $-1 #
edge $1769 $1770 $1544 $1541 $1771 forward #
face $1772 $1482 $1542 $6 $-1 $1667 reversed single #
ptlist-eye-attrib $-1 $-1 $1543 $1427 #
point $-1 4.6500000000000004 -1 33 #
color-adesk-attrib $-1 $1773 $-1 $1547 256 #
vertex $-1 $1712 $1774 #
straight-curve $-1 0 -3.2728000000000002 33 -1 0 0 I I #
color-adesk-attrib $-1 $1775 $-1 $1548 256 #
plane-surface $-1 0 -3.2728000000000002 34.25 0 1 0 0 0 1 forward_v I I I I #
ptlist-eye-attrib $-1 $-1 $1551 $1435 #
point $-1 -4.6500000000000004 -3.2728000000000002 35.5 #
fmesh-eye-attrib $-1 $1776 $1554 $1436 #
color-adesk-attrib $-1 $1777 $-1 $1555 256 #
plane-surface $-1 0 0 33 0 0 1 1 0 0 forward_v I I I I #
ref_vt-eye-attrib $-1 $-1 $1559 $1330 $3 $4 #
coedge $-1 $1561 $1778 $1779 $1780 reversed $128 $-1 #
coedge $-1 $1588 $1587 $1561 $1671 forward $1589 $-1 #
edge $1781 $1673 $1782 $1561 $1545 forward #
color-adesk-attrib $-1 $1783 $-1 $1563 256 #
vertex $-1 $1671 $1784 #
straight-curve $-1 4.6500000000000004 3.2728000000000002 34.25 0 0 -1 I I #
ptlist-eye-attrib $-1 $-1 $1564 $1451 #
point $-1 4.6500000000000004 3.2728000000000002 35.5 #
coedge $-1 $1785 $1568 $1786 $1787 reversed $134 $-1 #
coedge $-1 $1744 $1743 $1568 $1679 forward $1745 $-1 #
edge $1788 $1789 $1681 $1568 $1790 forward #
color-adesk-attrib $-1 $1791 $-1 $1570 256 #
vertex $-1 $1570 $1792 #
straight-curve $-1 -4.6500000000000004 0 15.5 0 1 0 I I #
ptlist-eye-attrib $-1 $-1 $1571 $1459 #
point $-1 -4.6500000000000004 -1 15.5 #
coedge $-1 $1576 $1793 $1794 $1795 reversed $134 $-1 #
coedge $-1 $1720 $1719 $1576 $1687 reversed $1721 $-1 #
edge $1796 $1797 $1689 $1686 $1798 forward #
color-adesk-attrib $-1 $1799 $-1 $1578 256 #
vertex $-1 $1725 $1800 #
ptlist-eye-attrib $-1 $-1 $1579 $1467 #
point $-1 -4.6500000000000004 1 15.5 #
coedge $-1 $1801 $1584 $1802 $1803 forward $134 $-1 #
coedge $-1 $1804 $1805 $1584 $1694 forward $1806 $-1 #
edge $1807 $1808 $1699 $1584 $1809 forward #
coedge $-1 $1779 $1585 $1588 $1701 reversed $1697 $-1 #
coedge $-1 $1585 $1779 $1804 $1810 reversed $1697 $-1 #
loop $-1 $-1 $1779 $1811 #
color-adesk-attrib $-1 $1812 $-1 $1586 256 #
vertex $-1 $1810 $1813 #
straight-curve $-1 -4.6500000000000004 1 32.5 0 0 -1 I I #
edge $1814 $1782 $1591 $1588 $1815 forward #
ptlist-eye-attrib $-1 $-1 $1590 $1474 #
point $-1 -4.6500000000000004 1 33 #
color-adesk-attrib $-1 $1816 $-1 $1593 256 #
straight-curve $-1 0 3.2728000000000002 33 1 0 0 I I #
color-adesk-attrib $-1 $1817 $-1 $1594 256 #
plane-surface $-1 0 3.2728000000000002 34.25 0 -1 0 0 0 -1 forward_v I I I I #
ptlist-eye-attrib $-1 $-1 $1597 $1481 #
fmesh-eye-attrib $-1 $1818 $1599 $1482 #
ref_vt-eye-attrib $-1 $-1 $1601 $1375 $3 $4 #
coedge $-1 $1602 $1819 $1764 $1820 reversed $134 $-1 #
edge $1821 $1659 $1770 $1602 $1592 forward #
color-adesk-attrib $-1 $1822 $-1 $1603 256 #
straight-curve $-1 -4.6500000000000004 -3.2728000000000002 34.25 0 0 -1 I I #
ptlist-eye-attrib $-1 $-1 $1604 $1492 #
coedge $-1 $1823 $1606 $1824 $1825 reversed $128 $-1 #
coedge $-1 $1826 $1827 $1606 $1718 forward $1828 $-1 #
edge $1829 $1830 $1723 $1606 $1831 forward #
coedge $-1 $1686 $1607 $1610 $1725 reversed $1721 $-1 #
coedge $-1 $1607 $1686 $1826 $1832 reversed $1721 $-1 #
loop $-1 $-1 $1607 $1833 #
color-adesk-attrib $-1 $1834 $-1 $1608 256 #
vertex $-1 $1718 $1835 #
straight-curve $-1 4.6500000000000004 3.6227999999999998 16.75 0 0 -1 I I #
edge $1836 $1689 $1613 $1719 $1837 forward #
face $1838 $1839 $1611 $6 $-1 $1840 reversed single #
ptlist-eye-attrib $-1 $-1 $1612 $1498 #
point $-1 4.6500000000000004 3.6227999999999998 15.5 #
color-adesk-attrib $-1 $1841 $-1 $1615 256 #
straight-curve $-1 0 1 15.5 -1 0 0 I I #
color-adesk-attrib $-1 $1842 $-1 $1616 256 #
face $1843 $1844 $1635 $6 $-1 $1840 reversed single #
plane-surface $-1 0 1 15 0 -1 0 0 0 -1 forward_v I I I I #
ptlist-eye-attrib $-1 $-1 $1619 $1505 #
ref_vt-eye-attrib $-1 $-1 $1622 $1397 $3 $4 #
fmesh-eye-attrib $-1 $1845 $1623 $1511 #
ref_vt-eye-attrib $-1 $-1 $1626 $1403 $3 $4 #
ref_vt-eye-attrib $-1 $-1 $1628 $1408 $3 $4 #
fmesh-eye-attrib $-1 $1846 $1629 $1520 #
coedge $-1 $1630 $1847 $1848 $1849 forward $128 $-1 #
coedge $-1 $1850 $1851 $1630 $1742 forward $1852 $-1 #
edge $1853 $1747 $1854 $1630 $1831 forward #
coedge $-1 $1678 $1631 $1851 $1855 reversed $1745 $-1 #
coedge $-1 $1631 $1678 $1633 $1749 reversed $1745 $-1 #
loop $-1 $-1 $1678 $1839 #
color-adesk-attrib $-1 $1856 $-1 $1632 256 #
vertex $-1 $1742 $1857 #
straight-curve $-1 4.6500000000000004 -3.6227999999999998 16.75 0 0 -1 I I #
edge $1858 $1637 $1681 $1744 $1859 forward #
ptlist-eye-attrib $-1 $-1 $1636 $1524 #
point $-1 4.6500000000000004 -3.6227999999999998 15.5 #
color-adesk-attrib $-1 $1860 $-1 $1638 256 #
straight-curve $-1 0 -1 15.5 1 0 0 I I #
ptlist-eye-attrib $-1 $-1 $1641 $1531 #
coedge $-1 $1861 $1644 $1862 $1863 reversed $128 $-1 #
coedge $-1 $1864 $1865 $1644 $1757 reversed $1866 $-1 #
edge $1867 $1762 $1868 $1644 $1869 forward #
coedge $-1 $1870 $1645 $1648 $1765 forward $1760 $-1 #
coedge $-1 $1645 $1870 $1864 $1871 forward $1760 $-1 #
loop $-1 $-1 $1758 $1872 #
color-adesk-attrib $-1 $1873 $-1 $1646 256 #
vertex $-1 $1646 $1874 #
straight-curve $-1 4.6500000000000004 0 32 0 1 0 I I #
coedge $-1 $1648 $1647 $1711 $1820 forward $1649 $-1 #
edge $1875 $1651 $1876 $1648 $1877 forward #
face $1878 $1811 $1649 $6 $-1 $1879 reversed single #
ptlist-eye-attrib $-1 $-1 $1650 $1539 #
point $-1 4.6500000000000004 -1 32 #
color-adesk-attrib $-1 $1880 $-1 $1654 256 #
vertex $-1 $1712 $1881 #
straight-curve $-1 0 -1 33 1 0 0 I I #
color-adesk-attrib $-1 $1882 $-1 $1655 256 #
ptlist-eye-attrib $-1 $-1 $1658 $1547 #
point $-1 -4.6500000000000004 -3.2728000000000002 33 #
fmesh-eye-attrib $-1 $1883 $1661 $1548 #
ref_vt-eye-attrib $-1 $-1 $1665 $1436 $3 $4 #
fmesh-eye-attrib $-1 $1884 $1666 $1555 #
coedge $-1 $1669 $1885 $1886 $1887 reversed $128 $-1 #
coedge $-1 $1696 $1695 $1669 $1780 forward $1697 $-1 #
edge $1888 $1782 $1889 $1669 $1890 forward #
color-adesk-attrib $-1 $1891 $-1 $1671 256 #
vertex $-1 $1671 $1892 #
ptlist-eye-attrib $-1 $-1 $1672 $1563 #
point $-1 4.6500000000000004 3.2728000000000002 33 #
coedge $-1 $1893 $1677 $1894 $1895 reversed $134 $-1 #
coedge $-1 $1851 $1850 $1677 $1787 forward $1852 $-1 #
edge $1896 $1897 $1789 $1677 $1898 forward #
color-adesk-attrib $-1 $1899 $-1 $1679 256 #
vertex $-1 $1787 $1900 #
straight-curve $-1 -4.6500000000000004 -3.6227999999999998 16.75 0 0 -1 I I #
ptlist-eye-attrib $-1 $-1 $1680 $1570 #
point $-1 -4.6500000000000004 -3.6227999999999998 15.5 #
coedge $-1 $1685 $1901 $1902 $1903 forward $134 $-1 #
coedge $-1 $1827 $1826 $1685 $1795 forward $1828 $-1 #
edge $1904 $1797 $1905 $1685 $1898 forward #
color-adesk-attrib $-1 $1906 $-1 $1687 256 #
vertex $-1 $1832 $1907 #
straight-curve $-1 -4.6500000000000004 3.6227999999999998 16.75 0 0 -1 I I #
ptlist-eye-attrib $-1 $-1 $1688 $1578 #
point $-1 -4.6500000000000004 3.6227999999999998 15.5 #
coedge $-1 $1908 $1692 $1909 $1910 reversed $134 $-1 #
coedge $-1 $1911 $1912 $1692 $1803 reversed $1913 $-1 #
edge $1914 $1808 $1915 $1802 $1916 forward #
coedge $-1 $1886 $1693 $1696 $1810 forward $1806 $-1 #
coedge $-1 $1693 $1886 $1911 $1917 forward $1806 $-1 #
loop $-1 $-1 $1804 $1918 #
color-adesk-attrib $-1 $1919 $-1 $1694 256 #
vertex $-1 $1917 $1920 #
straight-curve $-1 -4.6500000000000004 0 32 0 -1 0 I I #
edge $1921 $1699 $1889 $1696 $1922 forward #
face $1923 $1655 $1697 $6 $-1 $1924 reversed single #
ptlist-eye-attrib $-1 $-1 $1698 $1586 #
point $-1 -4.6500000000000004 1 32 #
color-adesk-attrib $-1 $1925 $-1 $1701 256 #
straight-curve $-1 0 1 33 -1 0 0 I I #
ptlist-eye-attrib $-1 $-1 $1704 $1593 #
fmesh-eye-attrib $-1 $1926 $1706 $1594 #
ref_vt-eye-attrib $-1 $-1 $1709 $1482 $3 $4 #
coedge $-1 $1711 $1927 $1870 $1928 reversed $134 $-1 #
edge $1929 $1770 $1876 $1711 $1930 forward #
color-adesk-attrib $-1 $1931 $-1 $1712 256 #
ptlist-eye-attrib $-1 $-1 $1713 $1603 #
coedge $-1 $1932 $1716 $1933 $1934 reversed $128 $-1 #
coedge $-1 $1935 $1936 $1716 $1825 forward $1937 $-1 #
edge $1938 $1939 $1830 $1716 $1940 forward #
coedge $-1 $1794 $1717 $1720 $1832 forward $1828 $-1 #
coedge $-1 $1717 $1794 $1935 $1941 forward $1828 $-1 #
loop $-1 $-1 $1827 $1844 #
color-adesk-attrib $-1 $1942 $-1 $1718 256 #
vertex $-1 $1825 $1943 #
straight-curve $-1 4.6500000000000004 0 18 0 1 0 I I #
edge $1944 $1723 $1797 $1720 $1945 forward #
face $1946 $1947 $1721 $6 $-1 $1948 reversed single #
ptlist-eye-attrib $-1 $-1 $1722 $1608 #
point $-1 4.6500000000000004 3.6227999999999998 18 #
color-adesk-attrib $-1 $1949 $-1 $1725 256 #
straight-curve $-1 0 3.6227999999999998 15.5 1 0 0 I I #
color-adesk-attrib $-1 $1950 $-1 $1726 256 #
face $1951 $1833 $1745 $6 $-1 $1952 reversed single #
plane-surface $-1 0 0 15.5 0 0 1 1 0 0 forward_v I I I I #
ptlist-eye-attrib $-1 $-1 $1729 $1615 #
fmesh-eye-attrib $-1 $1953 $1731 $1616 #
color-adesk-attrib $-1 $1954 $-1 $1732 256 #
face $1955 $1956 $1828 $6 $-1 $1957 forward single #
ref_vt-eye-attrib $-1 $-1 $1736 $1511 $3 $4 #
ref_vt-eye-attrib $-1 $-1 $1739 $1520 $3 $4 #
coedge $-1 $1740 $1958 $1959 $1960 reversed $128 $-1 #
coedge $-1 $1961 $1962 $1740 $1849 reversed $1963 $-1 #
edge $1964 $1965 $1854 $1740 $1966 forward #
coedge $-1 $1786 $1741 $1962 $1967 forward $1852 $-1 #
coedge $-1 $1741 $1786 $1743 $1855 forward $1852 $-1 #
loop $-1 $-1 $1850 $1956 #
color-adesk-attrib $-1 $1968 $-1 $1742 256 #
vertex $-1 $1849 $1969 #
edge $1970 $1789 $1747 $1743 $1971 forward #
ptlist-eye-attrib $-1 $-1 $1746 $1632 #
point $-1 4.6500000000000004 -3.6227999999999998 18 #
color-adesk-attrib $-1 $1972 $-1 $1749 256 #
straight-curve $-1 0 -3.6227999999999998 15.5 -1 0 0 I I #
ptlist-eye-attrib $-1 $-1 $1752 $1638 #
coedge $-1 $1973 $1755 $1974 $1975 forward $128 $-1 #
coedge $-1 $1976 $1977 $1755 $1863 forward $1978 $-1 #
edge $1979 $1980 $1868 $1755 $1981 forward #
coedge $-1 $1982 $1756 $1759 $1871 reversed $1866 $-1 #
coedge $-1 $1756 $1982 $1976 $1983 reversed $1866 $-1 #
loop $-1 $-1 $1982 $1984 #
color-adesk-attrib $-1 $1985 $-1 $1757 256 #
vertex $-1 $1757 $1986 #
straight-curve $-1 4.6500000000000004 -3.6227999999999998 30.75 0 0 -1 I I #
coedge $-1 $1759 $1758 $1819 $1928 forward $1760 $-1 #
edge $1987 $1988 $1762 $1864 $1989 forward #
face $1990 $1991 $1760 $6 $-1 $1992 forward single #
ptlist-eye-attrib $-1 $-1 $1761 $1646 #
point $-1 4.6500000000000004 -3.6227999999999998 32 #
color-adesk-attrib $-1 $1993 $-1 $1765 256 #
vertex $-1 $1820 $1994 #
straight-curve $-1 0 -1 32 -1 0 0 I I #
color-adesk-attrib $-1 $1995 $-1 $1766 256 #
plane-surface $-1 0 -1 32.5 0 1 0 0 0 1 forward_v I I I I #
ptlist-eye-attrib $-1 $-1 $1769 $1654 #
point $-1 -4.6500000000000004 -1 33 #
fmesh-eye-attrib $-1 $1996 $1772 $1655 #
ref_vt-eye-attrib $-1 $-1 $1775 $1548 $3 $4 #
ref_vt-eye-attrib $-1 $-1 $1777 $1555 $3 $4 #
coedge $-1 $1778 $1997 $1998 $1999 reversed $128 $-1 #
coedge $-1 $1805 $1804 $1778 $1887 forward $1806 $-1 #
edge $2000 $1889 $2001 $1778 $1763 forward #
color-adesk-attrib $-1 $2002 $-1 $1780 256 #
vertex $-1 $1780 $2003 #
straight-curve $-1 4.6500000000000004 1 32.5 0 0 -1 I I #
ptlist-eye-attrib $-1 $-1 $1781 $1671 #
point $-1 4.6500000000000004 1 33 #
coedge $-1 $2004 $1785 $2005 $2006 reversed $134 $-1 #
coedge $-1 $1962 $1961 $1785 $1895 forward $1963 $-1 #
edge $2007 $2008 $1897 $1785 $2009 forward #
color-adesk-attrib $-1 $2010 $-1 $1787 256 #
vertex $-1 $1895 $2011 #
straight-curve $-1 -4.6500000000000004 0 18 0 -1 0 I I #
ptlist-eye-attrib $-1 $-1 $1788 $1679 #
point $-1 -4.6500000000000004 -3.6227999999999998 18 #
coedge $-1 $1793 $2012 $2013 $2014 reversed $134 $-1 #
coedge $-1 $1936 $1935 $1793 $1903 reversed $1937 $-1 #
edge $2015 $2016 $1905 $1902 $2017 forward #
color-adesk-attrib $-1 $2018 $-1 $1795 256 #
vertex $-1 $1941 $2019 #
ptlist-eye-attrib $-1 $-1 $1796 $1687 #
point $-1 -4.6500000000000004 3.6227999999999998 18 #
coedge $-1 $2020 $1801 $2021 $2022 forward $134 $-1 #
coedge $-1 $2023 $2024 $1801 $1910 forward $2025 $-1 #
edge $2026 $2027 $1915 $1801 $2028 forward #
coedge $-1 $1998 $1802 $1805 $1917 reversed $1913 $-1 #
coedge $-1 $1802 $1998 $2023 $2029 reversed $1913 $-1 #
loop $-1 $-1 $1998 $2030 #
color-adesk-attrib $-1 $2031 $-1 $1803 256 #
vertex $-1 $2029 $2032 #
straight-curve $-1 -4.6500000000000004 3.6227999999999998 30.75 0 0 -1 I I #
edge $2033 $2001 $1808 $1911 $2034 forward #
face $2035 $1872 $1806 $6 $-1 $1992 forward single #
ptlist-eye-attrib $-1 $-1 $1807 $1694 #
point $-1 -4.6500000000000004 3.6227999999999998 32 #
color-adesk-attrib $-1 $2036 $-1 $1810 256 #
straight-curve $-1 0 1 32 1 0 0 I I #
color-adesk-attrib $-1 $2037 $-1 $1811 256 #
plane-surface $-1 0 1 32.5 0 -1 0 0 0 -1 forward_v I I I I #
ptlist-eye-attrib $-1 $-1 $1814 $1701 #
ref_vt-eye-attrib $-1 $-1 $1817 $1594 $3 $4 #
coedge $-1 $1819 $2038 $1982 $2039 reversed $134 $-1 #
edge $2040 $1876 $1988 $1819 $1809 forward #
color-adesk-attrib $-1 $2041 $-1 $1820 256 #
straight-curve $-1 -4.6500000000000004 -1 32.5 0 0 -1 I I #
ptlist-eye-attrib $-1 $-1 $1821 $1712 #
coedge $-1 $2042 $1823 $2043 $2044 reversed $128 $-1 #
coedge $-1 $2045 $2046 $1823 $1934 forward $2047 $-1 #
edge $2048 $2049 $1939 $1823 $2050 forward #
coedge $-1 $1902 $1824 $1827 $1941 reversed $1937 $-1 #
coedge $-1 $1824 $1902 $2045 $2051 reversed $1937 $-1 #
loop $-1 $-1 $1824 $2052 #
color-adesk-attrib $-1 $2053 $-1 $1825 256 #
vertex $-1 $1934 $2054 #
straight-curve $-1 4.6500000000000004 1 18.5 0 0 -1 I I #
edge $2055 $1905 $1830 $1935 $2056 forward #
ptlist-eye-attrib $-1 $-1 $1829 $1718 #
point $-1 4.6500000000000004 1 18 #
color-adesk-attrib $-1 $2057 $-1 $1832 256 #
straight-curve $-1 0 3.6227999999999998 18 -1 0 0 I I #
color-adesk-attrib $-1 $2058 $-1 $1833 256 #
face $2059 $2052 $1963 $6 $-1 $2060 reversed single #
plane-surface $-1 0 3.6227999999999998 16.75 0 -1 0 0 0 -1 forward_v I I I I #
ptlist-eye-attrib $-1 $-1 $1836 $1725 #
fmesh-eye-attrib $-1 $2061 $1838 $1726 #
color-adesk-attrib $-1 $2062 $-1 $1839 256 #
plane-surface $-1 0 -3.6227999999999998 16.75 0 1 0 0 0 1 forward_v I I I I #
ref_vt-eye-attrib $-1 $-1 $1842 $1616 $3 $4 #
fmesh-eye-attrib $-1 $2063 $1843 $1732 #
color-adesk-attrib $-1 $2064 $-1 $1844 256 #
face $2065 $1726 $1852 $6 $-1 $1957 forward single #
plane-surface $-1 0 0 18 0 0 1 1 0 0 forward_v I I I I #
coedge $-1 $1847 $2066 $2067 $2068 forward $128 $-1 #
coedge $-1 $2069 $2070 $1847 $1960 forward $2071 $-1 #
edge $2072 $1965 $2073 $1847 $2050 forward #
coedge $-1 $1894 $1848 $2070 $2074 reversed $1963 $-1 #
coedge $-1 $1848 $1894 $1850 $1967 reversed $1963 $-1 #
loop $-1 $-1 $1894 $1947 #
color-adesk-attrib $-1 $2075 $-1 $1849 256 #
vertex $-1 $1960 $2076 #
straight-curve $-1 4.6500000000000004 -1 18.5 0 0 -1 I I #
edge $2077 $1854 $1897 $1962 $2078 forward #
ptlist-eye-attrib $-1 $-1 $1853 $1742 #
point $-1 4.6500000000000004 -1 18 #
color-adesk-attrib $-1 $2079 $-1 $1855 256 #
straight-curve $-1 0 -3.6227999999999998 18 1 0 0 I I #
ptlist-eye-attrib $-1 $-1 $1858 $1749 #
coedge $-1 $2080 $1861 $2081 $2082 reversed $128 $-1 #
coedge $-1 $2083 $2084 $1861 $1975 reversed $2085 $-1 #
edge $2086 $1980 $2087 $1861 $2088 forward #
coedge $-1 $2089 $1862 $1865 $1983 forward $1978 $-1 #
coedge $-1 $1862 $2089 $2083 $2090 forward $1978 $-1 #
loop $-1 $-1 $1977 $2091 #
color-adesk-attrib $-1 $2092 $-1 $1863 256 #
vertex $-1 $1863 $2093 #
straight-curve $-1 4.6500000000000004 0 29.5 0 -1 0 I I #
coedge $-1 $1865 $1864 $1927 $2039 forward $1866 $-1 #
edge $2094 $1868 $2095 $1865 $2096 forward #
face $2097 $2030 $1866 $6 $-1 $2098 reversed single #
ptlist-eye-attrib $-1 $-1 $1867 $1757 #
point $-1 4.6500000000000004 -3.6227999999999998 29.5 #
color-adesk-attrib $-1 $2099 $-1 $1871 256 #
vertex $-1 $1928 $2100 #
straight-curve $-1 0 -3.6227999999999998 32 1 0 0 I I #
color-adesk-attrib $-1 $2101 $-1 $1872 256 #
face $2102 $1984 $2025 $6 $-1 $2103 reversed single #
plane-surface $-1 0 0 32 0 0 1 1 0 0 forward_v I I I I #
ptlist-eye-attrib $-1 $-1 $1875 $1765 #
point $-1 -4.6500000000000004 -1 32 #
fmesh-eye-attrib $-1 $2104 $1878 $1766 #
ref_vt-eye-attrib $-1 $-1 $1882 $1655 $3 $4 #
coedge $-1 $1885 $2105 $2106 $2107 reversed $128 $-1 #
coedge $-1 $1912 $1911 $1885 $1999 forward $1913 $-1 #
edge $2108 $2001 $2109 $1885 $2110 forward #
color-adesk-attrib $-1 $2111 $-1 $1887 256 #
vertex $-1 $1887 $2112 #
ptlist-eye-attrib $-1 $-1 $1888 $1780 #
point $-1 4.6500000000000004 1 32 #
coedge $-1 $2113 $1893 $2114 $2115 reversed $134 $-1 #
coedge $-1 $2070 $2069 $1893 $2006 forward $2071 $-1 #
edge $2116 $2117 $2008 $1893 $2118 forward #
color-adesk-attrib $-1 $2119 $-1 $1895 256 #
vertex $-1 $2006 $2120 #
straight-curve $-1 -4.6500000000000004 -1 18.5 0 0 -1 I I #
ptlist-eye-attrib $-1 $-1 $1896 $1787 #
point $-1 -4.6500000000000004 -1 18 #
coedge $-1 $1901 $2121 $2122 $2123 forward $134 $-1 #
coedge $-1 $2046 $2045 $1901 $2014 forward $2047 $-1 #
edge $2124 $2016 $2125 $1901 $2118 forward #
color-adesk-attrib $-1 $2126 $-1 $1903 256 #
vertex $-1 $2014 $2127 #
straight-curve $-1 -4.6500000000000004 1 18.5 0 0 -1 I I #
ptlist-eye-attrib $-1 $-1 $1904 $1795 #
point $-1 -4.6500000000000004 1 18 #
coedge $-1 $2128 $1908 $2129 $2130 reversed $134 $-1 #
coedge $-1 $2131 $2132 $1908 $2022 reversed $2133 $-1 #
edge $2134 $2027 $2135 $2021 $2136 forward #
coedge $-1 $2106 $1909 $1912 $2029 forward $2025 $-1 #
coedge $-1 $1909 $2106 $2131 $2137 forward $2025 $-1 #
loop $-1 $-1 $2024 $1991 #
color-adesk-attrib $-1 $2138 $-1 $1910 256 #
vertex $-1 $1910 $2139 #
straight-curve $-1 -4.6500000000000004 0 29.5 0 1 0 I I #
edge $2140 $1915 $2109 $1912 $2141 forward #
face $2142 $1766 $1913 $6 $-1 $2143 reversed single #
ptlist-eye-attrib $-1 $-1 $1914 $1803 #
point $-1 -4.6500000000000004 3.6227999999999998 29.5 #
color-adesk-attrib $-1 $2144 $-1 $1917 256 #
straight-curve $-1 0 3.6227999999999998 32 -1 0 0 I I #
color-adesk-attrib $-1 $2145 $-1 $1918 256 #
ptlist-eye-attrib $-1 $-1 $1921 $1810 #
fmesh-eye-attrib $-1 $2146 $1923 $1811 #
coedge $-1 $1927 $2147 $2089 $2148 reversed $134 $-1 #
edge $2149 $1988 $2095 $1927 $2150 forward #
color-adesk-attrib $-1 $2151 $-1 $1928 256 #
ptlist-eye-attrib $-1 $-1 $1929 $1820 #
coedge $-1 $2152 $1932 $2153 $2154 reversed $128 $-1 #
coedge $-1 $2155 $2156 $1932 $2044 forward $2157 $-1 #
edge $2158 $2159 $2049 $1932 $2160 forward #
coedge $-1 $2013 $1933 $1936 $2051 forward $2047 $-1 #
coedge $-1 $1933 $2013 $2155 $2161 forward $2047 $-1 #
loop $-1 $-1 $2045 $2162 #
color-adesk-attrib $-1 $2163 $-1 $1934 256 #
vertex $-1 $1934 $2164 #
straight-curve $-1 4.6500000000000004 0 19 0 -1 0 I I #
edge $2165 $1939 $2016 $2045 $2166 forward #
face $2167 $2168 $1937 $6 $-1 $2169 reversed single #
ptlist-eye-attrib $-1 $-1 $1938 $1825 #
point $-1 4.6500000000000004 1 19 #
color-adesk-attrib $-1 $2170 $-1 $1941 256 #
straight-curve $-1 0 1 18 1 0 0 I I #
ptlist-eye-attrib $-1 $-1 $1944 $1832 #
fmesh-eye-attrib $-1 $2171 $1946 $1833 #
color-adesk-attrib $-1 $2172 $-1 $1947 256 #
plane-surface $-1 0 -1 18.5 0 1 0 0 0 1 forward_v I I I I #
ref_vt-eye-attrib $-1 $-1 $1950 $1726 $3 $4 #
fmesh-eye-attrib $-1 $2173 $1951 $1839 #
ref_vt-eye-attrib $-1 $-1 $1954 $1732 $3 $4 #
fmesh-eye-attrib $-1 $2174 $1955 $1844 #
color-adesk-attrib $-1 $2175 $-1 $1956 256 #
coedge $-1 $1958 $2176 $2177 $2178 reversed $128 $-1 #
coedge $-1 $2179 $2180 $1958 $2068 reversed $2181 $-1 #
edge $2182 $2183 $2073 $1958 $2184 forward #
coedge $-1 $2005 $1959 $2180 $2185 forward $2071 $-1 #
coedge $-1 $1959 $2005 $1961 $2074 forward $2071 $-1 #
loop $-1 $-1 $2070 $2168 #
color-adesk-attrib $-1 $2186 $-1 $1960 256 #
vertex $-1 $2068 $2187 #
edge $2188 $2008 $1965 $2070 $2189 forward #
ptlist-eye-attrib $-1 $-1 $1964 $1849 #
point $-1 4.6500000000000004 -1 19 #
color-adesk-attrib $-1 $2190 $-1 $1967 256 #
straight-curve $-1 0 -1 18 -1 0 0 I I #
ptlist-eye-attrib $-1 $-1 $1970 $1855 #
coedge $-1 $2191 $1973 $2192 $2193 forward $128 $-1 #
coedge $-1 $2194 $2195 $1973 $2082 forward $2196 $-1 #
edge $2197 $2198 $2087 $1973 $2199 forward #
coedge $-1 $2200 $1974 $1977 $2090 reversed $2085 $-1 #
coedge $-1 $1974 $2200 $2194 $2201 reversed $2085 $-1 #
loop $-1 $-1 $2200 $2202 #
color-adesk-attrib $-1 $2203 $-1 $1975 256 #
vertex $-1 $1975 $2204 #
straight-curve $-1 4.6500000000000004 -1 29 0 0 -1 I I #
coedge $-1 $1977 $1976 $2038 $2148 forward $1978 $-1 #
edge $2205 $2206 $1980 $1977 $2207 forward #
face $2208 $1918 $1978 $6 $-1 $2103 reversed single #
ptlist-eye-attrib $-1 $-1 $1979 $1863 #
point $-1 4.6500000000000004 -1 29.5 #
color-adesk-attrib $-1 $2209 $-1 $1983 256 #
vertex $-1 $2148 $2210 #
straight-curve $-1 0 -3.6227999999999998 29.5 -1 0 0 I I #
color-adesk-attrib $-1 $2211 $-1 $1984 256 #
plane-surface $-1 0 -3.6227999999999998 30.75 0 1 0 0 0 1 forward_v I I I I #
ptlist-eye-attrib $-1 $-1 $1987 $1871 #
point $-1 -4.6500000000000004 -3.6227999999999998 32 #
fmesh-eye-attrib $-1 $2212 $1990 $1872 #
color-adesk-attrib $-1 $2213 $-1 $1991 256 #
plane-surface $-1 0 0 29.5 0 0 1 1 0 0 forward_v I I I I #
ref_vt-eye-attrib $-1 $-1 $1995 $1766 $3 $4 #
coedge $-1 $1997 $2214 $2215 $2216 reversed $128 $-1 #
coedge $-1 $2024 $2023 $1997 $2107 forward $2025 $-1 #
edge $2217 $2109 $2218 $1997 $1981 forward #
color-adesk-attrib $-1 $2219 $-1 $1999 256 #
vertex $-1 $2107 $2220 #
straight-curve $-1 4.6500000000000004 3.6227999999999998 30.75 0 0 -1 I I #
ptlist-eye-attrib $-1 $-1 $2000 $1887 #
point $-1 4.6500000000000004 3.6227999999999998 32 #
coedge $-1 $2221 $2004 $2222 $2223 reversed $134 $-1 #
coedge $-1 $2180 $2179 $2004 $2115 forward $2181 $-1 #
edge $2224 $2225 $2117 $2004 $2226 forward #
color-adesk-attrib $-1 $2227 $-1 $2006 256 #
vertex $-1 $2006 $2228 #
straight-curve $-1 -4.6500000000000004 0 19 0 1 0 I I #
ptlist-eye-attrib $-1 $-1 $2007 $1895 #
point $-1 -4.6500000000000004 -1 19 #
coedge $-1 $2012 $2229 $2230 $2231 reversed $134 $-1 #
coedge $-1 $2156 $2155 $2012 $2123 reversed $2157 $-1 #
edge $2232 $2233 $2125 $2122 $2234 forward #
color-adesk-attrib $-1 $2235 $-1 $2014 256 #
vertex $-1 $2161 $2236 #
ptlist-eye-attrib $-1 $-1 $2015 $1903 #
point $-1 -4.6500000000000004 1 19 #
coedge $-1 $2237 $2020 $2238 $2239 forward $134 $-1 #
coedge $-1 $2240 $2241 $2020 $2130 forward $2242 $-1 #
edge $2243 $2244 $2135 $2020 $2245 forward #
coedge $-1 $2215 $2021 $2024 $2137 reversed $2133 $-1 #
coedge $-1 $2021 $2215 $2240 $2246 reversed $2133 $-1 #
loop $-1 $-1 $2215 $2247 #
color-adesk-attrib $-1 $2248 $-1 $2022 256 #
vertex $-1 $2246 $2249 #
straight-curve $-1 -4.6500000000000004 1 29 0 0 -1 I I #
edge $2250 $2218 $2027 $2024 $2251 forward #
ptlist-eye-attrib $-1 $-1 $2026 $1910 #
point $-1 -4.6500000000000004 1 29.5 #
color-adesk-attrib $-1 $2252 $-1 $2029 256 #
straight-curve $-1 0 3.6227999999999998 29.5 1 0 0 I I #
color-adesk-attrib $-1 $2253 $-1 $2030 256 #
plane-surface $-1 0 3.6227999999999998 30.75 0 -1 0 0 0 -1 forward_v I I I I #
ptlist-eye-attrib $-1 $-1 $2033 $1917 #
fmesh-eye-attrib $-1 $2254 $2035 $1918 #
ref_vt-eye-attrib $-1 $-1 $2037 $1811 $3 $4 #
coedge $-1 $2038 $2255 $2200 $2256 reversed $134 $-1 #
edge $2257 $2095 $2206 $2038 $2028 forward #
color-adesk-attrib $-1 $2258 $-1 $2039 256 #
straight-curve $-1 -4.6500000000000004 -3.6227999999999998 30.75 0 0 -1 I I #
ptlist-eye-attrib $-1 $-1 $2040 $1928 #
coedge $-1 $2259 $2042 $2260 $2261 reversed $128 $-1 #
coedge $-1 $2262 $2263 $2042 $2154 forward $2264 $-1 #
edge $2265 $2266 $2159 $2042 $2267 forward #
coedge $-1 $2122 $2043 $2046 $2161 reversed $2157 $-1 #
coedge $-1 $2043 $2122 $2262 $2268 reversed $2157 $-1 #
loop $-1 $-1 $2043 $2269 #
color-adesk-attrib $-1 $2270 $-1 $2044 256 #
vertex $-1 $2154 $2271 #
straight-curve $-1 4.6500000000000004 3.6781999999999999 20.25 0 0 -1 I I #
edge $2272 $2125 $2049 $2155 $2273 forward #
face $2274 $2275 $2047 $6 $-1 $2276 reversed single #
ptlist-eye-attrib $-1 $-1 $2048 $1934 #
point $-1 4.6500000000000004 3.6781999999999999 19 #
color-adesk-attrib $-1 $2277 $-1 $2051 256 #
straight-curve $-1 0 1 19 -1 0 0 I I #
color-adesk-attrib $-1 $2278 $-1 $2052 256 #
face $2279 $2280 $2071 $6 $-1 $2276 reversed single #
plane-surface $-1 0 1 18.5 0 -1 0 0 0 -1 forward_v I I I I #
ptlist-eye-attrib $-1 $-1 $2055 $1941 #
ref_vt-eye-attrib $-1 $-1 $2058 $1833 $3 $4 #
fmesh-eye-attrib $-1 $2281 $2059 $1947 #
ref_vt-eye-attrib $-1 $-1 $2062 $1839 $3 $4 #
ref_vt-eye-attrib $-1 $-1 $2064 $1844 $3 $4 #
fmesh-eye-attrib $-1 $2282 $2065 $1956 #
coedge $-1 $2066 $2283 $2284 $2285 forward $128 $-1 #
coedge $-1 $2286 $2287 $2066 $2178 forward $2288 $-1 #
edge $2289 $2183 $2290 $2066 $2267 forward #
coedge $-1 $2114 $2067 $2287 $2291 reversed $2181 $-1 #
coedge $-1 $2067 $2114 $2069 $2185 reversed $2181 $-1 #
loop $-1 $-1 $2114 $2275 #
color-adesk-attrib $-1 $2292 $-1 $2068 256 #
vertex $-1 $2178 $2293 #
straight-curve $-1 4.6500000000000004 -3.6781999999999999 20.25 0 0 -1 I I #
edge $2294 $2073 $2117 $2180 $2295 forward #
ptlist-eye-attrib $-1 $-1 $2072 $1960 #
point $-1 4.6500000000000004 -3.6781999999999999 19 #
color-adesk-attrib $-1 $2296 $-1 $2074 256 #
straight-curve $-1 0 -1 19 1 0 0 I I #
ptlist-eye-attrib $-1 $-1 $2077 $1967 #
coedge $-1 $2297 $2080 $2298 $2299 reversed $128 $-1 #
coedge $-1 $2300 $2301 $2080 $2193 reversed $2302 $-1 #
edge $2303 $2198 $2304 $2080 $2305 forward #
coedge $-1 $2306 $2081 $2084 $2201 forward $2196 $-1 #
coedge $-1 $2081 $2306 $2300 $2307 forward $2196 $-1 #
loop $-1 $-1 $2194 $2308 #
color-adesk-attrib $-1 $2309 $-1 $2082 256 #
vertex $-1 $2082 $2310 #
straight-curve $-1 4.6500000000000004 0 28.5 0 1 0 I I #
coedge $-1 $2084 $2083 $2147 $2256 forward $2085 $-1 #
edge $2311 $2087 $2312 $2084 $2313 forward #
face $2314 $2247 $2085 $6 $-1 $2315 reversed single #
ptlist-eye-attrib $-1 $-1 $2086 $1975 #
point $-1 4.6500000000000004 -1 28.5 #
color-adesk-attrib $-1 $2316 $-1 $2090 256 #
vertex $-1 $2148 $2317 #
straight-curve $-1 0 -1 29.5 1 0 0 I I #
color-adesk-attrib $-1 $2318 $-1 $2091 256 #
ptlist-eye-attrib $-1 $-1 $2094 $1983 #
point $-1 -4.6500000000000004 -3.6227999999999998 29.5 #
fmesh-eye-attrib $-1 $2319 $2097 $1984 #
ref_vt-eye-attrib $-1 $-1 $2101 $1872 $3 $4 #
fmesh-eye-attrib $-1 $2320 $2102 $1991 #
coedge $-1 $2105 $2321 $2322 $2323 reversed $128 $-1 #
coedge $-1 $2132 $2131 $2105 $2216 forward $2133 $-1 #
edge $2324 $2218 $2325 $2105 $2326 forward #
color-adesk-attrib $-1 $2327 $-1 $2107 256 #
vertex $-1 $2107 $2328 #
ptlist-eye-attrib $-1 $-1 $2108 $1999 #
point $-1 4.6500000000000004 3.6227999999999998 29.5 #
coedge $-1 $2329 $2113 $2330 $2331 reversed $134 $-1 #
coedge $-1 $2287 $2286 $2113 $2223 forward $2288 $-1 #
edge $2332 $2333 $2225 $2113 $2334 forward #
color-adesk-attrib $-1 $2335 $-1 $2115 256 #
vertex $-1 $2223 $2336 #
straight-curve $-1 -4.6500000000000004 -3.6781999999999999 20.25 0 0 -1 I I #
ptlist-eye-attrib $-1 $-1 $2116 $2006 #
point $-1 -4.6500000000000004 -3.6781999999999999 19 #
coedge $-1 $2121 $2337 $2338 $2339 forward $134 $-1 #
coedge $-1 $2263 $2262 $2121 $2231 forward $2264 $-1 #
edge $2340 $2233 $2341 $2121 $2334 forward #
color-adesk-attrib $-1 $2342 $-1 $2123 256 #
vertex $-1 $2268 $2343 #
straight-curve $-1 -4.6500000000000004 3.6781999999999999 20.25 0 0 -1 I I #
ptlist-eye-attrib $-1 $-1 $2124 $2014 #
point $-1 -4.6500000000000004 3.6781999999999999 19 #
coedge $-1 $2344 $2128 $2345 $2346 reversed $134 $-1 #
coedge $-1 $2347 $2348 $2128 $2239 reversed $2349 $-1 #
edge $2350 $2244 $2351 $2238 $2352 forward #
coedge $-1 $2322 $2129 $2132 $2246 forward $2242 $-1 #
coedge $-1 $2129 $2322 $2347 $2353 forward $2242 $-1 #
loop $-1 $-1 $2240 $2354 #
color-adesk-attrib $-1 $2355 $-1 $2130 256 #
vertex $-1 $2353 $2356 #
straight-curve $-1 -4.6500000000000004 0 28.5 0 -1 0 I I #
edge $2357 $2135 $2325 $2132 $2358 forward #
face $2359 $2091 $2133 $6 $-1 $2360 reversed single #
ptlist-eye-attrib $-1 $-1 $2134 $2022 #
point $-1 -4.6500000000000004 1 28.5 #
color-adesk-attrib $-1 $2361 $-1 $2137 256 #
straight-curve $-1 0 1 29.5 -1 0 0 I I #
ptlist-eye-attrib $-1 $-1 $2140 $2029 #
fmesh-eye-attrib $-1 $2362 $2142 $2030 #
ref_vt-eye-attrib $-1 $-1 $2145 $1918 $3 $4 #
coedge $-1 $2147 $2363 $2306 $2364 reversed $134 $-1 #
edge $2365 $2206 $2312 $2147 $2366 forward #
color-adesk-attrib $-1 $2367 $-1 $2148 256 #
ptlist-eye-attrib $-1 $-1 $2149 $2039 #
coedge $-1 $2368 $2152 $2369 $2370 reversed $128 $-1 #
coedge $-1 $2371 $2372 $2152 $2261 forward $2373 $-1 #
edge $2374 $2375 $2266 $2152 $2376 forward #
coedge $-1 $2230 $2153 $2156 $2268 forward $2264 $-1 #
coedge $-1 $2153 $2230 $2371 $2377 forward $2264 $-1 #
loop $-1 $-1 $2263 $2280 #
color-adesk-attrib $-1 $2378 $-1 $2154 256 #
vertex $-1 $2261 $2379 #
straight-curve $-1 4.6500000000000004 0 21.5 0 1 0 I I #
edge $2380 $2159 $2233 $2156 $2381 forward #
face $2382 $2383 $2157 $6 $-1 $2384 reversed single #
ptlist-eye-attrib $-1 $-1 $2158 $2044 #
point $-1 4.6500000000000004 3.6781999999999999 21.5 #
color-adesk-attrib $-1 $2385 $-1 $2161 256 #
straight-curve $-1 0 3.6781999999999999 19 1 0 0 I I #
color-adesk-attrib $-1 $2386 $-1 $2162 256 #
face $2387 $2269 $2181 $6 $-1 $2388 reversed single #
plane-surface $-1 0 0 19 0 0 1 1 0 0 forward_v I I I I #
ptlist-eye-attrib $-1 $-1 $2165 $2051 #
fmesh-eye-attrib $-1 $2389 $2167 $2052 #
color-adesk-attrib $-1 $2390 $-1 $2168 256 #
face $2391 $2392 $2264 $6 $-1 $2393 forward single #
ref_vt-eye-attrib $-1 $-1 $2172 $1947 $3 $4 #
ref_vt-eye-attrib $-1 $-1 $2175 $1956 $3 $4 #
coedge $-1 $2176 $2394 $2395 $2396 reversed $128 $-1 #
coedge $-1 $2397 $2398 $2176 $2285 reversed $2399 $-1 #
edge $2400 $2401 $2290 $2176 $2402 forward #
coedge $-1 $2222 $2177 $2398 $2403 forward $2288 $-1 #
coedge $-1 $2177 $2222 $2179 $2291 forward $2288 $-1 #
loop $-1 $-1 $2286 $2392 #
color-adesk-attrib $-1 $2404 $-1 $2178 256 #
vertex $-1 $2285 $2405 #
edge $2406 $2225 $2183 $2179 $2407 forward #
ptlist-eye-attrib $-1 $-1 $2182 $2068 #
point $-1 4.6500000000000004 -3.6781999999999999 21.5 #
color-adesk-attrib $-1 $2408 $-1 $2185 256 #
straight-curve $-1 0 -3.6781999999999999 19 -1 0 0 I I #
ptlist-eye-attrib $-1 $-1 $2188 $2074 #
coedge $-1 $2409 $2191 $2410 $2411 forward $128 $-1 #
coedge $-1 $2412 $2413 $2191 $2299 forward $2414 $-1 #
edge $2415 $2416 $2304 $2191 $2417 forward #
coedge $-1 $2418 $2192 $2195 $2307 reversed $2302 $-1 #
coedge $-1 $2192 $2418 $2412 $2419 reversed $2302 $-1 #
loop $-1 $-1 $2418 $2420 #
color-adesk-attrib $-1 $2421 $-1 $2193 256 #
vertex $-1 $2193 $2422 #
straight-curve $-1 4.6500000000000004 -3.6781999999999999 27.25 0 0 -1 I I #
coedge $-1 $2195 $2194 $2255 $2364 forward $2196 $-1 #
edge $2423 $2424 $2198 $2300 $2425 forward #
face $2426 $2427 $2196 $6 $-1 $2428 forward single #
ptlist-eye-attrib $-1 $-1 $2197 $2082 #
point $-1 4.6500000000000004 -3.6781999999999999 28.5 #
color-adesk-attrib $-1 $2429 $-1 $2201 256 #
vertex $-1 $2256 $2430 #
straight-curve $-1 0 -1 28.5 -1 0 0 I I #
color-adesk-attrib $-1 $2431 $-1 $2202 256 #
plane-surface $-1 0 -1 29 0 1 0 0 0 1 forward_v I I I I #
ptlist-eye-attrib $-1 $-1 $2205 $2090 #
point $-1 -4.6500000000000004 -1 29.5 #
fmesh-eye-attrib $-1 $2432 $2208 $2091 #
ref_vt-eye-attrib $-1 $-1 $2211 $1984 $3 $4 #
ref_vt-eye-attrib $-1 $-1 $2213 $1991 $3 $4 #
coedge $-1 $2214 $2433 $2434 $2435 reversed $128 $-1 #
coedge $-1 $2241 $2240 $2214 $2323 forward $2242 $-1 #
edge $2436 $2325 $2437 $2214 $2199 forward #
color-adesk-attrib $-1 $2438 $-1 $2216 256 #
vertex $-1 $2216 $2439 #
straight-curve $-1 4.6500000000000004 1 29 0 0 -1 I I #
ptlist-eye-attrib $-1 $-1 $2217 $2107 #
point $-1 4.6500000000000004 1 29.5 #
coedge $-1 $2440 $2221 $2441 $2442 reversed $134 $-1 #
coedge $-1 $2398 $2397 $2221 $2331 forward $2399 $-1 #
edge $2443 $2444 $2333 $2221 $2445 forward #
color-adesk-attrib $-1 $2446 $-1 $2223 256 #
vertex $-1 $2331 $2447 #
straight-curve $-1 -4.6500000000000004 0 21.5 0 -1 0 I I #
ptlist-eye-attrib $-1 $-1 $2224 $2115 #
point $-1 -4.6500000000000004 -3.6781999999999999 21.5 #
coedge $-1 $2229 $2448 $2449 $2450 reversed $134 $-1 #
coedge $-1 $2372 $2371 $2229 $2339 reversed $2373 $-1 #
edge $2451 $2452 $2341 $2338 $2453 forward #
color-adesk-attrib $-1 $2454 $-1 $2231 256 #
vertex $-1 $2377 $2455 #
ptlist-eye-attrib $-1 $-1 $2232 $2123 #
point $-1 -4.6500000000000004 3.6781999999999999 21.5 #
coedge $-1 $2456 $2237 $2457 $2458 forward $134 $-1 #
coedge $-1 $2459 $2460 $2237 $2346 forward $2461 $-1 #
edge $2462 $2463 $2351 $2237 $2464 forward #
coedge $-1 $2434 $2238 $2241 $2353 reversed $2349 $-1 #
coedge $-1 $2238 $2434 $2459 $2465 reversed $2349 $-1 #
loop $-1 $-1 $2434 $2466 #
color-adesk-attrib $-1 $2467 $-1 $2239 256 #
vertex $-1 $2465 $2468 #
straight-curve $-1 -4.6500000000000004 3.6781999999999999 27.25 0 0 -1 I I #
edge $2469 $2437 $2244 $2347 $2470 forward #
face $2471 $2308 $2242 $6 $-1 $2428 forward single #
ptlist-eye-attrib $-1 $-1 $2243 $2130 #
point $-1 -4.6500000000000004 3.6781999999999999 28.5 #
color-adesk-attrib $-1 $2472 $-1 $2246 256 #
straight-curve $-1 0 1 28.5 1 0 0 I I #
color-adesk-attrib $-1 $2473 $-1 $2247 256 #
plane-surface $-1 0 1 29 0 -1 0 0 0 -1 forward_v I I I I #
ptlist-eye-attrib $-1 $-1 $2250 $2137 #
ref_vt-eye-attrib $-1 $-1 $2253 $2030 $3 $4 #
coedge $-1 $2255 $2474 $2418 $2475 reversed $134 $-1 #
edge $2476 $2312 $2424 $2255 $2245 forward #
color-adesk-attrib $-1 $2477 $-1 $2256 256 #
straight-curve $-1 -4.6500000000000004 -1 29 0 0 -1 I I #
ptlist-eye-attrib $-1 $-1 $2257 $2148 #
coedge $-1 $2478 $2259 $2479 $2480 reversed $128 $-1 #
coedge $-1 $2481 $2482 $2259 $2370 forward $2483 $-1 #
edge $2484 $2485 $2375 $2259 $2486 forward #
coedge $-1 $2338 $2260 $2263 $2377 reversed $2373 $-1 #
coedge $-1 $2260 $2338 $2481 $2487 reversed $2373 $-1 #
loop $-1 $-1 $2260 $2488 #
color-adesk-attrib $-1 $2489 $-1 $2261 256 #
vertex $-1 $2370 $2490 #
straight-curve $-1 4.6500000000000004 1 22 0 0 -1 I I #
edge $2491 $2341 $2266 $2371 $2492 forward #
ptlist-eye-attrib $-1 $-1 $2265 $2154 #
point $-1 4.6500000000000004 1 21.5 #
color-adesk-attrib $-1 $2493 $-1 $2268 256 #
straight-curve $-1 0 3.6781999999999999 21.5 -1 0 0 I I #
color-adesk-attrib $-1 $2494 $-1 $2269 256 #
face $2495 $2488 $2399 $6 $-1 $2496 reversed single #
plane-surface $-1 0 3.6781999999999999 20.25 0 -1 0 0 0 -1 forward_v I I I I #
ptlist-eye-attrib $-1 $-1 $2272 $2161 #
fmesh-eye-attrib $-1 $2497 $2274 $2162 #
color-adesk-attrib $-1 $2498 $-1 $2275 256 #
plane-surface $-1 0 -3.6781999999999999 20.25 0 1 0 0 0 1 forward_v I I I I #
ref_vt-eye-attrib $-1 $-1 $2278 $2052 $3 $4 #
fmesh-eye-attrib $-1 $2499 $2279 $2168 #
color-adesk-attrib $-1 $2500 $-1 $2280 256 #
face $2501 $2162 $2288 $6 $-1 $2393 forward single #
plane-surface $-1 0 0 21.5 0 0 1 1 0 0 forward_v I I I I #
coedge $-1 $2283 $2409 $2502 $2503 forward $128 $-1 #
coedge $-1 $2504 $2505 $2283 $2396 forward $2506 $-1 #
edge $2507 $2401 $2508 $2283 $2486 forward #
coedge $-1 $2330 $2284 $2505 $2509 reversed $2399 $-1 #
coedge $-1 $2284 $2330 $2286 $2403 reversed $2399 $-1 #
loop $-1 $-1 $2330 $2383 #
color-adesk-attrib $-1 $2510 $-1 $2285 256 #
vertex $-1 $2396 $2511 #
straight-curve $-1 4.6500000000000004 -1 22 0 0 -1 I I #
edge $2512 $2290 $2333 $2398 $2513 forward #
ptlist-eye-attrib $-1 $-1 $2289 $2178 #
point $-1 4.6500000000000004 -1 21.5 #
color-adesk-attrib $-1 $2514 $-1 $2291 256 #
straight-curve $-1 0 -3.6781999999999999 21.5 1 0 0 I I #
ptlist-eye-attrib $-1 $-1 $2294 $2185 #
coedge $-1 $2394 $2297 $2515 $2516 reversed $128 $-1 #
coedge $-1 $2517 $2518 $2297 $2411 reversed $2519 $-1 #
edge $2520 $2416 $2521 $2297 $2522 forward #
coedge $-1 $2523 $2298 $2301 $2419 forward $2414 $-1 #
coedge $-1 $2298 $2523 $2517 $2524 forward $2414 $-1 #
loop $-1 $-1 $2413 $2525 #
color-adesk-attrib $-1 $2526 $-1 $2299 256 #
vertex $-1 $2299 $2527 #
straight-curve $-1 4.6500000000000004 0 26 0 -1 0 I I #
coedge $-1 $2301 $2300 $2363 $2475 forward $2302 $-1 #
edge $2528 $2304 $2529 $2301 $2530 forward #
face $2531 $2466 $2302 $6 $-1 $2532 reversed single #
ptlist-eye-attrib $-1 $-1 $2303 $2193 #
point $-1 4.6500000000000004 -3.6781999999999999 26 #
color-adesk-attrib $-1 $2533 $-1 $2307 256 #
vertex $-1 $2364 $2534 #
straight-curve $-1 0 -3.6781999999999999 28.5 1 0 0 I I #
color-adesk-attrib $-1 $2535 $-1 $2308 256 #
face $2536 $2420 $2461 $6 $-1 $2537 reversed single #
plane-surface $-1 0 0 28.5 0 0 1 1 0 0 forward_v I I I I #
ptlist-eye-attrib $-1 $-1 $2311 $2201 #
point $-1 -4.6500000000000004 -1 28.5 #
fmesh-eye-attrib $-1 $2538 $2314 $2202 #
ref_vt-eye-attrib $-1 $-1 $2318 $2091 $3 $4 #
coedge $-1 $2321 $2539 $2540 $2541 reversed $128 $-1 #
coedge $-1 $2348 $2347 $2321 $2435 forward $2349 $-1 #
edge $2542 $2437 $2543 $2321 $2544 forward #
color-adesk-attrib $-1 $2545 $-1 $2323 256 #
vertex $-1 $2323 $2546 #
ptlist-eye-attrib $-1 $-1 $2324 $2216 #
point $-1 4.6500000000000004 1 28.5 #
coedge $-1 $2547 $2329 $2548 $2549 reversed $134 $-1 #
coedge $-1 $2505 $2504 $2329 $2442 forward $2506 $-1 #
edge $2550 $2551 $2444 $2329 $2552 forward #
color-adesk-attrib $-1 $2553 $-1 $2331 256 #
vertex $-1 $2442 $2554 #
straight-curve $-1 -4.6500000000000004 -1 22 0 0 -1 I I #
ptlist-eye-attrib $-1 $-1 $2332 $2223 #
point $-1 -4.6500000000000004 -1 21.5 #
coedge $-1 $2337 $2456 $2555 $2556 forward $134 $-1 #
coedge $-1 $2482 $2481 $2337 $2450 forward $2483 $-1 #
edge $2557 $2452 $2558 $2337 $2552 forward #
color-adesk-attrib $-1 $2559 $-1 $2339 256 #
vertex $-1 $2450 $2560 #
straight-curve $-1 -4.6500000000000004 1 22 0 0 -1 I I #
ptlist-eye-attrib $-1 $-1 $2340 $2231 #
point $-1 -4.6500000000000004 1 21.5 #
coedge $-1 $2448 $2344 $2561 $2562 reversed $134 $-1 #
coedge $-1 $2563 $2564 $2344 $2458 reversed $2565 $-1 #
edge $2566 $2463 $2567 $2457 $2568 forward #
coedge $-1 $2540 $2345 $2348 $2465 forward $2461 $-1 #
coedge $-1 $2345 $2540 $2563 $2569 forward $2461 $-1 #
loop $-1 $-1 $2460 $2427 #
color-adesk-attrib $-1 $2570 $-1 $2346 256 #
vertex $-1 $2346 $2571 #
straight-curve $-1 -4.6500000000000004 0 26 0 1 0 I I #
edge $2572 $2351 $2543 $2348 $2573 forward #
face $2574 $2202 $2349 $6 $-1 $2575 reversed single #
ptlist-eye-attrib $-1 $-1 $2350 $2239 #
point $-1 -4.6500000000000004 3.6781999999999999 26 #
color-adesk-attrib $-1 $2576 $-1 $2353 256 #
straight-curve $-1 0 3.6781999999999999 28.5 -1 0 0 I I #
color-adesk-attrib $-1 $2577 $-1 $2354 256 #
ptlist-eye-attrib $-1 $-1 $2357 $2246 #
fmesh-eye-attrib $-1 $2578 $2359 $2247 #
coedge $-1 $2363 $2579 $2523 $2580 reversed $134 $-1 #
edge $2581 $2424 $2529 $2363 $2582 forward #
color-adesk-attrib $-1 $2583 $-1 $2364 256 #
ptlist-eye-attrib $-1 $-1 $2365 $2256 #
coedge $-1 $2539 $2368 $2584 $2585 reversed $128 $-1 #
coedge $-1 $2586 $2587 $2368 $2480 forward $2588 $-1 #
edge $2589 $2590 $2485 $2368 $2591 forward #
coedge $-1 $2449 $2369 $2372 $2487 forward $2483 $-1 #
coedge $-1 $2369 $2449 $2586 $2592 forward $2483 $-1 #
loop $-1 $-1 $2481 $2593 #
color-adesk-attrib $-1 $2594 $-1 $2370 256 #
vertex $-1 $2370 $2595 #
straight-curve $-1 4.6500000000000004 0 22.5 0 -1 0 I I #
edge $2596 $2375 $2452 $2481 $2597 forward #
face $2598 $2599 $2373 $6 $-1 $2600 reversed single #
ptlist-eye-attrib $-1 $-1 $2374 $2261 #
point $-1 4.6500000000000004 1 22.5 #
color-adesk-attrib $-1 $2601 $-1 $2377 256 #
straight-curve $-1 0 1 21.5 1 0 0 I I #
ptlist-eye-attrib $-1 $-1 $2380 $2268 #
fmesh-eye-attrib $-1 $2602 $2382 $2269 #
color-adesk-attrib $-1 $2603 $-1 $2383 256 #
plane-surface $-1 0 -1 22 0 1 0 0 0 1 forward_v I I I I #
ref_vt-eye-attrib $-1 $-1 $2386 $2162 $3 $4 #
fmesh-eye-attrib $-1 $2604 $2387 $2275 #
ref_vt-eye-attrib $-1 $-1 $2390 $2168 $3 $4 #
fmesh-eye-attrib $-1 $2605 $2391 $2280 #
color-adesk-attrib $-1 $2606 $-1 $2392 256 #
coedge $-1 $2607 $2608 $2394 $2503 reversed $2609 $-1 #
edge $2610 $2611 $2508 $2394 $2612 forward #
coedge $-1 $2441 $2395 $2608 $2613 forward $2506 $-1 #
coedge $-1 $2395 $2441 $2397 $2509 forward $2506 $-1 #
loop $-1 $-1 $2505 $2599 #
color-adesk-attrib $-1 $2614 $-1 $2396 256 #
vertex $-1 $2503 $2615 #
edge $2616 $2444 $2401 $2505 $2617 forward #
ptlist-eye-attrib $-1 $-1 $2400 $2285 #
point $-1 4.6500000000000004 -1 22.5 #
color-adesk-attrib $-1 $2618 $-1 $2403 256 #
straight-curve $-1 0 -1 21.5 -1 0 0 I I #
ptlist-eye-attrib $-1 $-1 $2406 $2291 #
coedge $-1 $2619 $2620 $2409 $2516 forward $2621 $-1 #
edge $2622 $2611 $2521 $2409 $2623 forward #
coedge $-1 $2624 $2410 $2413 $2524 reversed $2519 $-1 #
coedge $-1 $2410 $2624 $2619 $2625 reversed $2519 $-1 #
loop $-1 $-1 $2624 $2626 #
color-adesk-attrib $-1 $2627 $-1 $2411 256 #
vertex $-1 $2411 $2628 #
straight-curve $-1 4.6500000000000004 -1 25.5 0 0 -1 I I #
coedge $-1 $2413 $2412 $2474 $2580 forward $2414 $-1 #
edge $2629 $2630 $2416 $2413 $2631 forward #
face $2632 $2354 $2414 $6 $-1 $2537 reversed single #
ptlist-eye-attrib $-1 $-1 $2415 $2299 #
point $-1 4.6500000000000004 -1 26 #
color-adesk-attrib $-1 $2633 $-1 $2419 256 #
vertex $-1 $2580 $2634 #
straight-curve $-1 0 -3.6781999999999999 26 -1 0 0 I I #
color-adesk-attrib $-1 $2635 $-1 $2420 256 #
plane-surface $-1 0 -3.6781999999999999 27.25 0 1 0 0 0 1 forward_v I I I I #
ptlist-eye-attrib $-1 $-1 $2423 $2307 #
point $-1 -4.6500000000000004 -3.6781999999999999 28.5 #
fmesh-eye-attrib $-1 $2636 $2426 $2308 #
color-adesk-attrib $-1 $2637 $-1 $2427 256 #
plane-surface $-1 0 0 26 0 0 1 1 0 0 forward_v I I I I #
ref_vt-eye-attrib $-1 $-1 $2431 $2202 $3 $4 #
coedge $-1 $2433 $2478 $2638 $2639 reversed $128 $-1 #
coedge $-1 $2460 $2459 $2433 $2541 forward $2461 $-1 #
edge $2640 $2543 $2641 $2433 $2417 forward #
color-adesk-attrib $-1 $2642 $-1 $2435 256 #
vertex $-1 $2541 $2643 #
straight-curve $-1 4.6500000000000004 3.6781999999999999 27.25 0 0 -1 I I #
ptlist-eye-attrib $-1 $-1 $2436 $2323 #
point $-1 4.6500000000000004 3.6781999999999999 28.5 #
coedge $-1 $2579 $2440 $2644 $2645 reversed $134 $-1 #
coedge $-1 $2608 $2607 $2440 $2549 forward $2609 $-1 #
edge $2646 $2647 $2551 $2440 $2648 forward #
color-adesk-attrib $-1 $2649 $-1 $2442 256 #
vertex $-1 $2442 $2650 #
straight-curve $-1 -4.6500000000000004 0 22.5 0 1 0 I I #
ptlist-eye-attrib $-1 $-1 $2443 $2331 #
point $-1 -4.6500000000000004 -1 22.5 #
coedge $-1 $2587 $2586 $2448 $2556 reversed $2588 $-1 #
edge $2651 $2652 $2558 $2555 $2653 forward #
color-adesk-attrib $-1 $2654 $-1 $2450 256 #
vertex $-1 $2592 $2655 #
ptlist-eye-attrib $-1 $-1 $2451 $2339 #
point $-1 -4.6500000000000004 1 22.5 #
coedge $-1 $2656 $2657 $2456 $2562 forward $2658 $-1 #
edge $2659 $2652 $2567 $2456 $2660 forward #
coedge $-1 $2638 $2457 $2460 $2569 reversed $2565 $-1 #
coedge $-1 $2457 $2638 $2656 $2661 reversed $2565 $-1 #
loop $-1 $-1 $2638 $2662 #
color-adesk-attrib $-1 $2663 $-1 $2458 256 #
vertex $-1 $2661 $2664 #
straight-curve $-1 -4.6500000000000004 1 25.5 0 0 -1 I I #
edge $2665 $2641 $2463 $2460 $2666 forward #
ptlist-eye-attrib $-1 $-1 $2462 $2346 #
point $-1 -4.6500000000000004 1 26 #
color-adesk-attrib $-1 $2667 $-1 $2465 256 #
straight-curve $-1 0 3.6781999999999999 26 1 0 0 I I #
color-adesk-attrib $-1 $2668 $-1 $2466 256 #
plane-surface $-1 0 3.6781999999999999 27.25 0 -1 0 0 0 -1 forward_v I I I I #
ptlist-eye-attrib $-1 $-1 $2469 $2353 #
fmesh-eye-attrib $-1 $2669 $2471 $2354 #
ref_vt-eye-attrib $-1 $-1 $2473 $2247 $3 $4 #
coedge $-1 $2474 $2547 $2624 $2670 reversed $134 $-1 #
edge $2671 $2529 $2630 $2474 $2464 forward #
color-adesk-attrib $-1 $2672 $-1 $2475 256 #
straight-curve $-1 -4.6500000000000004 -3.6781999999999999 27.25 0 0 -1 I I #
ptlist-eye-attrib $-1 $-1 $2476 $2364 #
coedge $-1 $2657 $2656 $2478 $2585 forward $2658 $-1 #
edge $2673 $2674 $2590 $2478 $2623 forward #
coedge $-1 $2555 $2479 $2482 $2592 reversed $2588 $-1 #
coedge $-1 $2479 $2555 $2657 $2675 reversed $2588 $-1 #
loop $-1 $-1 $2479 $2676 #
color-adesk-attrib $-1 $2677 $-1 $2480 256 #
vertex $-1 $2585 $2678 #
straight-curve $-1 4.6500000000000004 3.6766999999999999 23.75 0 0 -1 I I #
edge $2679 $2558 $2485 $2586 $2680 forward #
face $2681 $2682 $2483 $6 $-1 $2683 reversed single #
ptlist-eye-attrib $-1 $-1 $2484 $2370 #
point $-1 4.6500000000000004 3.6766999999999999 22.5 #
color-adesk-attrib $-1 $2684 $-1 $2487 256 #
straight-curve $-1 0 1 22.5 -1 0 0 I I #
color-adesk-attrib $-1 $2685 $-1 $2488 256 #
face $2686 $2687 $2506 $6 $-1 $2683 reversed single #
plane-surface $-1 0 1 22 0 -1 0 0 0 -1 forward_v I I I I #
ptlist-eye-attrib $-1 $-1 $2491 $2377 #
ref_vt-eye-attrib $-1 $-1 $2494 $2269 $3 $4 #
fmesh-eye-attrib $-1 $2688 $2495 $2383 #
ref_vt-eye-attrib $-1 $-1 $2498 $2275 $3 $4 #
ref_vt-eye-attrib $-1 $-1 $2500 $2280 $3 $4 #
fmesh-eye-attrib $-1 $2689 $2501 $2392 #
coedge $-1 $2548 $2502 $2620 $2690 reversed $2609 $-1 #
coedge $-1 $2502 $2548 $2504 $2613 reversed $2609 $-1 #
loop $-1 $-1 $2548 $2682 #
color-adesk-attrib $-1 $2691 $-1 $2503 256 #
vertex $-1 $2516 $2692 #
straight-curve $-1 4.6500000000000004 -3.6766999999999999 23.75 0 0 -1 I I #
edge $2693 $2508 $2551 $2608 $2694 forward #
ptlist-eye-attrib $-1 $-1 $2507 $2396 #
point $-1 4.6500000000000004 -3.6766999999999999 22.5 #
color-adesk-attrib $-1 $2695 $-1 $2509 256 #
straight-curve $-1 0 -1 22.5 1 0 0 I I #
ptlist-eye-attrib $-1 $-1 $2512 $2403 #
coedge $-1 $2644 $2515 $2518 $2625 forward $2621 $-1 #
coedge $-1 $2515 $2644 $2607 $2690 forward $2621 $-1 #
loop $-1 $-1 $2619 $2696 #
color-adesk-attrib $-1 $2697 $-1 $2516 256 #
straight-curve $-1 4.6500000000000004 0 25 0 1 0 I I #
coedge $-1 $2518 $2517 $2579 $2670 forward $2519 $-1 #
edge $2698 $2521 $2699 $2518 $2700 forward #
face $2701 $2662 $2519 $6 $-1 $2702 reversed single #
ptlist-eye-attrib $-1 $-1 $2520 $2411 #
point $-1 4.6500000000000004 -1 25 #
color-adesk-attrib $-1 $2703 $-1 $2524 256 #
vertex $-1 $2580 $2704 #
straight-curve $-1 0 -1 26 1 0 0 I I #
color-adesk-attrib $-1 $2705 $-1 $2525 256 #
ptlist-eye-attrib $-1 $-1 $2528 $2419 #
point $-1 -4.6500000000000004 -3.6781999999999999 26 #
fmesh-eye-attrib $-1 $2706 $2531 $2420 #
ref_vt-eye-attrib $-1 $-1 $2535 $2308 $3 $4 #
fmesh-eye-attrib $-1 $2707 $2536 $2427 #
coedge $-1 $2564 $2563 $2539 $2639 forward $2565 $-1 #
edge $2708 $2641 $2674 $2539 $2709 forward #
color-adesk-attrib $-1 $2710 $-1 $2541 256 #
vertex $-1 $2541 $2711 #
ptlist-eye-attrib $-1 $-1 $2542 $2435 #
point $-1 4.6500000000000004 3.6781999999999999 26 #
coedge $-1 $2620 $2619 $2547 $2645 forward $2621 $-1 #
edge $2712 $2699 $2647 $2547 $2660 forward #
color-adesk-attrib $-1 $2713 $-1 $2549 256 #
vertex $-1 $2645 $2714 #
straight-curve $-1 -4.6500000000000004 -3.6766999999999999 23.75 0 0 -1 I I #
ptlist-eye-attrib $-1 $-1 $2550 $2442 #
point $-1 -4.6500000000000004 -3.6766999999999999 22.5 #
color-adesk-attrib $-1 $2715 $-1 $2556 256 #
vertex $-1 $2675 $2716 #
straight-curve $-1 -4.6500000000000004 3.6766999999999999 23.75 0 0 -1 I I #
ptlist-eye-attrib $-1 $-1 $2557 $2450 #
point $-1 -4.6500000000000004 3.6766999999999999 22.5 #
coedge $-1 $2584 $2561 $2564 $2661 forward $2658 $-1 #
coedge $-1 $2561 $2584 $2587 $2675 forward $2658 $-1 #
loop $-1 $-1 $2656 $2687 #
color-adesk-attrib $-1 $2717 $-1 $2562 256 #
straight-curve $-1 -4.6500000000000004 0 25 0 -1 0 I I #
edge $2718 $2567 $2674 $2564 $2719 forward #
face $2720 $2525 $2565 $6 $-1 $2721 reversed single #
ptlist-eye-attrib $-1 $-1 $2566 $2458 #
point $-1 -4.6500000000000004 1 25 #
color-adesk-attrib $-1 $2722 $-1 $2569 256 #
straight-curve $-1 0 1 26 -1 0 0 I I #
ptlist-eye-attrib $-1 $-1 $2572 $2465 #
fmesh-eye-attrib $-1 $2723 $2574 $2466 #
ref_vt-eye-attrib $-1 $-1 $2577 $2354 $3 $4 #
edge $2724 $2630 $2699 $2579 $2725 forward #
color-adesk-attrib $-1 $2726 $-1 $2580 256 #
ptlist-eye-attrib $-1 $-1 $2581 $2475 #
color-adesk-attrib $-1 $2727 $-1 $2585 256 #
vertex $-1 $2639 $2728 #
edge $2729 $2590 $2652 $2587 $2730 forward #
face $2731 $2626 $2588 $6 $-1 $2732 reversed single #
ptlist-eye-attrib $-1 $-1 $2589 $2480 #
point $-1 4.6500000000000004 3.6766999999999999 25 #
color-adesk-attrib $-1 $2733 $-1 $2592 256 #
straight-curve $-1 0 3.6766999999999999 22.5 1 0 0 I I #
color-adesk-attrib $-1 $2734 $-1 $2593 256 #
face $2735 $2676 $2609 $6 $-1 $2736 reversed single #
plane-surface $-1 0 0 22.5 0 0 1 1 0 0 forward_v I I I I #
ptlist-eye-attrib $-1 $-1 $2596 $2487 #
fmesh-eye-attrib $-1 $2737 $2598 $2488 #
color-adesk-attrib $-1 $2738 $-1 $2599 256 #
face $2739 $2696 $2658 $6 $-1 $2740 forward single #
ref_vt-eye-attrib $-1 $-1 $2603 $2383 $3 $4 #
ref_vt-eye-attrib $-1 $-1 $2606 $2392 $3 $4 #
edge $2741 $2647 $2611 $2607 $2742 forward #
ptlist-eye-attrib $-1 $-1 $2610 $2503 #
point $-1 4.6500000000000004 -3.6766999999999999 25 #
color-adesk-attrib $-1 $2743 $-1 $2613 256 #
straight-curve $-1 0 -3.6766999999999999 22.5 -1 0 0 I I #
ptlist-eye-attrib $-1 $-1 $2616 $2509 #
face $2744 $2593 $2621 $6 $-1 $2740 forward single #
ptlist-eye-attrib $-1 $-1 $2622 $2516 #
color-adesk-attrib $-1 $2745 $-1 $2625 256 #
vertex $-1 $2670 $2746 #
straight-curve $-1 0 -1 25 -1 0 0 I I #
color-adesk-attrib $-1 $2747 $-1 $2626 256 #
plane-surface $-1 0 -1 25.5 0 1 0 0 0 1 forward_v I I I I #
ptlist-eye-attrib $-1 $-1 $2629 $2524 #
point $-1 -4.6500000000000004 -1 26 #
fmesh-eye-attrib $-1 $2748 $2632 $2525 #
ref_vt-eye-attrib $-1 $-1 $2635 $2420 $3 $4 #
ref_vt-eye-attrib $-1 $-1 $2637 $2427 $3 $4 #
color-adesk-attrib $-1 $2749 $-1 $2639 256 #
straight-curve $-1 4.6500000000000004 1 25.5 0 0 -1 I I #
ptlist-eye-attrib $-1 $-1 $2640 $2541 #
point $-1 4.6500000000000004 1 26 #
color-adesk-attrib $-1 $2750 $-1 $2645 256 #
ptlist-eye-attrib $-1 $-1 $2646 $2549 #
point $-1 -4.6500000000000004 -3.6766999999999999 25 #
ptlist-eye-attrib $-1 $-1 $2651 $2556 #
point $-1 -4.6500000000000004 3.6766999999999999 25 #
ptlist-eye-attrib $-1 $-1 $2659 $2562 #
color-adesk-attrib $-1 $2751 $-1 $2661 256 #
straight-curve $-1 0 1 25 1 0 0 I I #
color-adesk-attrib $-1 $2752 $-1 $2662 256 #
plane-surface $-1 0 1 25.5 0 -1 0 0 0 -1 forward_v I I I I #
ptlist-eye-attrib $-1 $-1 $2665 $2569 #
ref_vt-eye-attrib $-1 $-1 $2668 $2466 $3 $4 #
color-adesk-attrib $-1 $2753 $-1 $2670 256 #
straight-curve $-1 -4.6500000000000004 -1 25.5 0 0 -1 I I #
ptlist-eye-attrib $-1 $-1 $2671 $2580 #
ptlist-eye-attrib $-1 $-1 $2673 $2585 #
point $-1 4.6500000000000004 1 25 #
color-adesk-attrib $-1 $2754 $-1 $2675 256 #
straight-curve $-1 0 3.6766999999999999 25 -1 0 0 I I #
color-adesk-attrib $-1 $2755 $-1 $2676 256 #
plane-surface $-1 0 3.6766999999999999 23.75 0 -1 0 0 0 -1 forward_v I I I I #
ptlist-eye-attrib $-1 $-1 $2679 $2592 #
fmesh-eye-attrib $-1 $2756 $2681 $2593 #
color-adesk-attrib $-1 $2757 $-1 $2682 256 #
plane-surface $-1 0 -3.6766999999999999 23.75 0 1 0 0 0 1 forward_v I I I I #
ref_vt-eye-attrib $-1 $-1 $2685 $2488 $3 $4 #
fmesh-eye-attrib $-1 $2758 $2686 $2599 #
color-adesk-attrib $-1 $2759 $-1 $2687 256 #
plane-surface $-1 0 0 25 0 0 1 1 0 0 forward_v I I I I #
color-adesk-attrib $-1 $2760 $-1 $2690 256 #
straight-curve $-1 0 -3.6766999999999999 25 1 0 0 I I #
ptlist-eye-attrib $-1 $-1 $2693 $2613 #
color-adesk-attrib $-1 $2761 $-1 $2696 256 #
ptlist-eye-attrib $-1 $-1 $2698 $2625 #
point $-1 -4.6500000000000004 -1 25 #
fmesh-eye-attrib $-1 $2762 $2701 $2626 #
ref_vt-eye-attrib $-1 $-1 $2705 $2525 $3 $4 #
ptlist-eye-attrib $-1 $-1 $2708 $2639 #
ptlist-eye-attrib $-1 $-1 $2712 $2645 #
ptlist-eye-attrib $-1 $-1 $2718 $2661 #
fmesh-eye-attrib $-1 $2763 $2720 $2662 #
ptlist-eye-attrib $-1 $-1 $2724 $2670 #
ptlist-eye-attrib $-1 $-1 $2729 $2675 #
fmesh-eye-attrib $-1 $2764 $2731 $2676 #
ref_vt-eye-attrib $-1 $-1 $2734 $2593 $3 $4 #
fmesh-eye-attrib $-1 $2765 $2735 $2682 #
ref_vt-eye-attrib $-1 $-1 $2738 $2599 $3 $4 #
fmesh-eye-attrib $-1 $2766 $2739 $2687 #
ptlist-eye-attrib $-1 $-1 $2741 $2690 #
fmesh-eye-attrib $-1 $2767 $2744 $2696 #
ref_vt-eye-attrib $-1 $-1 $2747 $2626 $3 $4 #
ref_vt-eye-attrib $-1 $-1 $2752 $2662 $3 $4 #
ref_vt-eye-attrib $-1 $-1 $2755 $2676 $3 $4 #
ref_vt-eye-attrib $-1 $-1 $2757 $2682 $3 $4 #
ref_vt-eye-attrib $-1 $-1 $2759 $2687 $3 $4 #
ref_vt-eye-attrib $-1 $-1 $2761 $2696 $3 $4 #
